actual_price,predicted_price,residual
488795.75389128417,513280.77259326127,-24485.018701977096
353486.2970789109,358027.3934854391,-4541.096406528202
379989.9180867694,554499.0833348727,-174509.16524810332
460008.386582422,529492.3748603208,-69483.98827789881
375007.010708327,312095.74075831124,62911.26995001576
321997.8025099507,296741.86534434895,25255.93716560176
919973.367282293,641530.6821827885,278442.68509950454
286989.23921085306,441340.7518240726,-154351.51261321956
229992.04491934925,229405.87118297882,586.1737363704306
293989.69656222925,258392.38047606428,35597.31608616497
314991.2060133072,559924.7616344754,-244933.55562116823
385000.53389145073,322552.599797319,62447.93409413175
692525.2649081524,754073.0487972865,-61547.783889134065
348014.70026317565,604811.219538297,-256796.5192751214
226002.19712518045,331269.0313245397,-105266.83419935923
529982.8889462198,559199.4881751518,-29216.59922893194
889931.7025002599,686843.6117008064,203088.09079945344
465003.4016876277,319674.43811644986,145328.96357117785
826619.688970479,731368.6972655565,95250.9917049224
305010.0482107029,397524.928068272,-92514.87985756912
749004.2974003104,458268.04911262274,290736.24828768766
1150031.6250444886,1177175.2004047013,-27143.575360212708
409994.9001727164,614273.3774138526,-204278.4772411362
375007.010708327,466001.5836569344,-90994.57294860738
592496.3549562936,498149.6853701399,94346.6695861537
424981.1100595267,360840.7613794352,64140.3486800915
620015.6508443463,611814.3264577225,8201.324386623804
379989.9180867694,417370.35782383126,-37380.43973706185
552495.1864343095,592577.4936754426,-40082.30724113318
510017.33789744286,436578.9863871389,73438.35151030397
580009.6382169717,450176.94902241696,129832.6891945547
543019.2231288305,472663.6982346246,70355.52489420597
262498.3302391841,334978.6696154832,-72480.33937629912
574985.441311107,748093.7908136013,-173108.34950249433
574985.441311107,516297.6528605012,58687.78845060582
550014.5437275284,458096.17788740736,91918.36584012106
335004.7534133102,324717.7883824085,10286.965030901716
1095038.411923869,548779.1615834637,546259.2503404054
409994.9001727164,501925.3787118236,-91930.4785391072
592496.3549562936,532334.3115002338,60162.043456059764
664971.8580362194,588783.8685565545,76187.98947966483
328995.7132409971,417077.4630688216,-88081.74982782447
805001.967099839,912698.5294861404,-107696.56238630135
1437476.9259330777,1572630.2921823575,-135153.36624927982
313012.99930945504,359803.40334684384,-46790.4040373888
309960.4538196224,290154.86209429876,19805.59172532364
689002.3770569969,878743.6112197676,-189741.23416277068
869957.8141740499,1043887.6994206149,-173929.88524656498
240001.39144624295,301172.0749571317,-61170.683510888746
434999.4301195662,388907.7941027577,46091.63601680851
350004.04831045395,329981.2668410955,20022.781469358422
949034.0909774412,710832.2351641621,238201.85581327905
689002.3770569969,693642.5772271005,-4640.200170103577
244996.69508820938,404985.76026038814,-159989.06517217876
850007.1158332613,988457.6526112952,-138450.53677803394
478016.2467917236,554139.4425963388,-76123.19580461521
525024.3912403609,484680.0081428542,40344.38309750671
394983.7879988166,346097.40906062437,48886.37893819221
330017.18241123157,387137.3576286702,-57120.175217438606
845006.8391709592,875390.5494283404,-30383.7102573812
240001.39144624295,313223.91166336724,-73222.52021712429
520997.2279041777,453078.4165750216,67918.8113291561
444986.8454834047,497127.45876876,-52140.61328535533
299988.67412229633,510477.5991383289,-210488.9250160326
210007.81010831188,244666.83206015048,-34659.0219518386
732999.28102353,589651.192637464,143348.08838606603
267988.67469518003,349720.09635760164,-81731.4216624216
552329.4627381759,499440.04632096476,52889.41641721112
563994.624834784,429630.6119469003,134364.01288788364
384500.3583819142,437328.0471739236,-52827.68879200937
679967.308322311,616419.191400618,63548.11692169309
609016.110277635,526276.2072165436,82739.90306109143
929033.4280689423,977840.9965987599,-48807.568529817625
424981.1100595267,423612.20156308287,1368.9084964438225
184997.94576021977,347989.26771869743,-162991.32195847767
699975.0706260412,707993.5055251719,-8018.43489913072
807985.9914188251,763187.1926513427,44798.798767482396
714972.9580129466,562503.4602735775,152469.49773936917
326015.4330915721,394354.6009842082,-68339.16789263615
331008.7205219779,339896.8676115489,-8888.147089570994
389999.2129395211,306567.675678068,83431.53726145311
215001.4389762084,312364.8044327403,-97363.36545653193
429982.5906544442,360473.5564894087,69509.03416503547
525024.3912403609,499907.4694483785,25116.92179198243
520008.2729758518,394686.50861626107,125321.76435959071
317489.49177642266,398307.9264081643,-80818.43463174166
336987.123700273,334159.6228617706,2827.5008385023684
403487.1823433095,493449.0345045833,-89961.85216127377
699975.0706260412,725268.287795369,-25293.217169327894
294990.9627184533,390959.63353105634,-95968.67081260303
522980.78373942134,412124.9160853468,110855.86765407457
607981.6624199718,472790.7909913273,135190.87142864446
449009.80324776605,402569.0542205629,46440.74902720313
345000.10487535974,551672.0226803388,-206671.91780497908
1338954.9773193793,1091706.938337598,247248.03898178134
1365047.7941260778,859660.928291429,505386.86583464884
297509.072707913,516941.1370651813,-219432.06435726827
465003.4016876277,501221.7340605893,-36218.332372961566
279987.4332796247,340041.8429831592,-60054.409703534504
225009.9719539956,289715.53908710286,-64705.56713310725
716475.978844287,807646.8312483508,-91170.8524040638
234990.41381084712,322050.46799496934,-87060.05418412221
279987.4332796247,379058.20533271687,-99070.7720530922
817004.5965839025,707609.8469133114,109394.74967059109
358004.2010175927,632215.4880149909,-274211.28699739825
915018.9001994401,742567.989050686,172450.91114875406
159995.3449931631,266272.8067272136,-106277.4617340505
229992.04491934925,336376.66755725094,-106384.62263790169
802991.9757181873,419739.5158958528,383252.45982233447
504993.0773774131,451943.340256805,53049.7371206081
484997.9775932012,711287.7100834938,-226289.73249029263
501019.34896005725,407760.60717680334,93258.7417832539
414985.9735637159,448000.1365035165,-33014.16293980065
309960.4538196224,395562.00801647455,-85601.55419685214
705033.0781109203,768466.9676073256,-63433.889496405376
1137450.599666993,734729.3787727279,402721.220894265
283991.6172550083,386510.7215976984,-102519.10434269009
594930.5767563671,559768.7327043453,35161.84405202186
774985.8111698879,417891.62334153696,357094.1878283509
590013.088774859,579420.6946706412,10592.394104217761
580009.6382169717,437499.94074538845,142509.6974715832
336987.123700273,392698.743736539,-55711.62003626599
600009.0395491241,585369.2974822694,14639.742066854727
667503.5582807431,465457.73887358385,202045.81940715923
320007.5921617715,406498.1013992201,-86490.50923744863
490019.2720364446,514318.42371242895,-24299.15167598432
649982.0330316388,593259.2972870689,56722.735744569916
514988.5776090478,441400.9415796459,73587.63602940191
234990.41381084712,263895.0282302948,-28904.614419447695
345000.10487535974,305642.2004541924,39357.90442116733
339999.6951587399,438077.00418135093,-98077.309022611
205993.52186088808,322919.6653293527,-116926.14346846464
305010.0482107029,412609.9478527257,-107599.89964202279
255505.70061967775,311328.9860773441,-55823.28545766635
424259.2559222888,508100.06346639205,-83840.80754410324
308939.2702017114,343692.78377824,-34753.51357652858
741996.6445726443,585747.1598695915,156249.4847030528
249995.9508216961,301399.05269583507,-51403.101874138956
727013.2631341007,686012.3420114655,41000.92112263525
579024.4594712008,409448.0741146072,169576.38535659364
242001.69276232485,302941.491480581,-60939.79871825615
482000.292558309,539367.0795267359,-57366.78696842695
344001.05389531027,334088.4993278818,9912.55456742848
574985.441311107,422561.6927204744,152423.74859063263
550014.5437275284,540665.5046475091,9349.039080019342
386002.83770990116,504429.15766580176,-118426.3199559006
517984.19023810886,503667.2470023837,14316.943235725164
465003.4016876277,592149.006349472,-127145.60466184426
182992.41813335533,324887.35846132366,-141894.94032796833
566028.6645589295,583218.3299671656,-17189.66540823609
334937.7591622761,364974.3280597449,-30036.568897468795
399992.0696425668,405602.2834264838,-5610.213783917017
347493.0695336338,609852.2679631583,-262359.1984295245
649982.0330316388,464369.7919379445,185612.24109369435
467988.9670769519,352353.17327436886,115635.79380258307
278006.5629144347,315641.3904874135,-37634.8275729788
348990.5069156994,345363.78741175885,3626.7195039405487
159995.3449931631,320345.2418116969,-160349.8968185338
261502.72942386364,357852.6791126686,-96349.94968880498
880020.0761491403,767019.9780404029,113000.09810873738
444986.8454834047,334483.43362325226,110503.41186015244
385000.53389145073,444115.14459328365,-59114.61070183292
484997.9775932012,402269.58481167635,82728.39278152486
320007.5921617715,326727.35568860255,-6719.763526831055
609991.3160106216,700015.9800645587,-90024.66405393707
504993.0773774131,478859.58855136746,26133.48882604565
272011.6023317929,447862.17761442665,-175850.57528263377
529982.8889462198,455418.954060361,74563.93488585879
495984.52221079497,313071.39370252646,182913.1285082685
784969.388136717,727033.8306490395,57935.55748767755
699975.0706260412,593387.5060471826,106587.56457885855
817249.7347317608,551555.3680928005,265694.3666389603
375007.010708327,396711.39652048517,-21704.385812158172
583500.1571314667,579758.4440395939,3741.713091872749
884962.0130840725,702482.466401025,182479.54668304755
370015.4350123861,594580.4287524282,-224564.99374004203
550014.5437275284,501026.35278814903,48988.19093937939
261006.34595158586,264158.45725765766,-3152.1113060718053
375007.010708327,415400.3316013894,-40393.320893062395
664971.8580362194,661661.3762858362,3310.481750383158
1387064.220561821,1393621.6173966262,-6557.396834805142
269008.9689904289,339482.86246074236,-70473.89347031346
360014.6485423943,630284.9615153269,-270270.3129729326
307459.9149975941,531757.6332876724,-224297.71829007834
713972.6962183607,537239.0348793818,176733.6613389789
240001.39144624295,371040.8089411523,-131039.41749490934
244996.69508820938,361418.47894206113,-116421.78385385175
248997.96432205703,367344.02501222334,-118346.06069016631
194891.83668786063,297294.7324995302,-102402.89581166956
438011.30520683737,523151.79556336504,-85140.49035652768
835010.8518699668,642999.481727787,192011.3701421799
379989.9180867694,276803.5711805714,103186.34690619801
590013.088774859,487340.6942424707,102672.39453238825
372502.86200234207,294463.37690758967,78039.4850947524
597016.4819797936,765123.2383630015,-168106.75638320786
320007.5921617715,395040.02295913495,-75032.43079736346
254995.19988933546,474860.9995191729,-219865.79962983742
460008.386582422,350848.6107547047,109159.77582771733
585019.2314809182,501021.2341101289,83997.99737078935
895018.7976523915,551546.3772342952,343472.42041809624
1504994.7984804926,1041934.2258924877,463060.57258800487
199007.93952075846,448050.7091591848,-249042.7696384263
246890.45124486738,366666.6601234133,-119776.20887854593
520008.2729758518,377615.21483070013,142393.05814515165
570004.7653278012,639927.9438680405,-69923.17854023923
570004.7653278012,460029.38124019885,109975.38408760238
429982.5906544442,428938.510722735,1044.0799317091587
394983.7879988166,328393.63112165773,66590.15687715885
494993.5444744353,331234.667175941,163758.87729849428
265003.9472127818,382918.1726448199,-117914.22543203807
689967.6559224206,659167.568306053,30800.0876163675
350004.04831045395,352015.30054557376,-2011.2522351198131
286015.1327169651,360086.86884370254,-74071.73612673744
379951.9209948471,521342.25774761115,-141390.33675276407
286989.23921085306,337355.32500070595,-50366.08578985289
318985.2045594549,460216.9122420673,-141231.70768261235
366406.99398978543,492498.9733518075,-126091.97936202207
850007.1158332613,706324.2557134695,143682.86011979182
585019.2314809182,334323.9582751161,250695.27320580214
985988.5293521361,781928.1316518526,204060.39770028344
810008.4834590409,1096631.195545052,-286622.7120860111
514988.5776090478,321281.44355355995,193707.13405548787
449998.7122159163,582001.9302421809,-132003.21802626463
850007.1158332613,717327.499734712,132679.61609854933
529982.8889462198,599708.2654204747,-69725.37647425488
333500.6188639126,491662.6115883924,-158161.99272447982
274992.74651726685,341307.8826767938,-66315.13615952694
500018.3116331437,643287.2006207032,-143268.88898755948
224403.26445342018,278408.7555394833,-54005.49108606309
520008.2729758518,512310.4912092646,7697.78176658717
210007.81010831188,299351.23276529415,-89343.42265698226
148999.76384597528,251630.9856647396,-102631.22181876432
965016.0381233898,1154234.3794941849,-189218.34137079504
295995.63897349196,358124.6852637734,-62129.04629028146
926991.8011402681,666944.8430750123,260046.95806525578
1500036.501335451,942941.1792655787,557095.3220698722
407501.54375022935,373652.74350093486,33848.800249294494
423496.2761494291,468362.07726660976,-44865.80111718067
414985.9735637159,416642.87687825167,-1656.903314535797
330017.18241123157,265693.1654484602,64324.01696277136
504993.0773774131,491321.107590116,13671.96978729713
437398.5184303797,440090.4029666675,-2691.8845362878055
479980.13662664936,340242.53131524904,139737.60531140032
790009.3027446414,489912.7065415709,300096.59620307054
349899.0628445677,431003.68587678234,-81104.62303221464
222993.96783296365,235469.97437930884,-12476.00654634519
534988.2162849667,452994.3483965358,81993.86788843089
884962.0130840725,616133.7389103454,268828.27417372714
1205011.89954595,687068.9643015498,517942.93524440005
164950.38323591813,366053.2807332735,-201102.89749735536
679967.308322311,689037.1224321411,-9069.81410983007
350004.04831045395,376897.05643719604,-26893.00812674209
865013.160284487,485428.97574690956,379584.1845375774
262000.05692127906,367225.5260868708,-105225.46916559176
401997.0382352448,384993.5359839423,17003.502251302532
369017.74083109625,358176.10534959065,10841.635481505597
574985.441311107,516186.30414905073,58799.137162056286
685017.7299170608,504957.20788716694,180060.52202989388
345000.10487535974,327976.25599903165,17023.84887632809
919973.367282293,645386.9870401109,274586.3802421822
721004.0258826709,547967.2385429617,173036.78733970923
335742.57517717173,454854.0151269137,-119111.439949742
770966.3446220226,570128.7455828682,200837.59903915436
297003.73694141285,354752.71429307666,-57748.97735166381
675021.6206943546,647439.6332788954,27581.98741545924
209002.18804354116,249943.77777340537,-40941.58972986421
255556.80687025626,333895.3202783815,-78338.51340812526
444986.8454834047,371613.020124055,73373.82535934972
563487.2580217449,360266.5428872606,203220.7151344843
285643.5546225249,320431.5050619626,-34787.9504394377
761008.6474109822,489933.2374066689,271075.4100043133
570004.7653278012,1104606.7267855909,-534601.9614577896
561013.3606518835,465140.3518969969,95873.00875488663
226749.2363124144,358721.3628049181,-131972.12649250368
979992.3063963796,694943.8911646582,285048.41523172136
720499.499669329,739387.3831646945,-18887.883495365502
1065015.594775346,905924.5110339567,159091.08374138945
320007.5921617715,412313.1720270011,-92305.5798652296
698995.7911827238,912540.2187581445,-213544.4275754207
289989.50162086176,320681.1531002159,-30691.65147935413
469488.9304329992,379420.40515960526,90068.52527339396
501019.34896005725,528472.5640932543,-27453.215133197024
350004.04831045395,557757.793867737,-207753.7455572831
823978.7337477448,731426.0695925485,92552.66415519628
325006.350135677,457993.5684599645,-132987.21832428745
549025.4080380053,390817.49358620204,158207.9144518033
225911.81432409553,374331.2602971653,-148419.44597306979
140000.3217775679,310922.5384667034,-170922.21668913547
200005.4709687925,146712.98515099284,53292.485817799665
812523.4058734743,841770.1595789924,-29246.753705518087
292611.1870234085,384083.6499250736,-91472.46290166513
749978.6361699108,754003.7369594524,-4025.1007895416114
352991.76251796697,521213.3177994405,-168221.55528147356
305010.0482107029,393875.96549402765,-88865.91728332476
1060021.766169926,1355866.3034635002,-295844.5372935743
234990.41381084712,278138.3374112285,-43147.923600381386
875018.2305176305,446333.89731607604,428684.33320155443
622998.879990552,629365.3879828112,-6366.507992259227
520008.2729758518,374994.1583242118,145014.11465164
714972.9580129466,661540.7386646523,53432.21934829431
520997.2279041777,418078.0259666807,102919.20193749695
465003.4016876277,366707.0850662282,98296.31662139954
496480.75480795134,510094.8594305645,-13614.104622613173
429982.5906544442,466830.3743322873,-36847.78367784311
344001.05389531027,348578.00810335315,-4576.95420804288
635012.5236729799,839493.9933724114,-204481.46969943144
419995.8041119478,386494.7794067221,33501.02470522566
367985.9363571447,679726.4080411937,-311740.47168404906
455021.52294948127,365785.85895850183,89235.66399097943
988950.9363288528,812339.1496062919,176611.78672256088
752984.5585514591,488575.59667404596,264408.96187741315
360014.6485423943,545033.9637789067,-185019.31523651246
187493.60178555534,226444.35222111575,-38950.75043556042
350004.04831045395,323583.1375020895,26420.910808364453
617972.971471256,522643.5871579839,95329.38431327208
624995.6695659152,286504.38046460034,338491.2891013149
299000.3431407227,429789.6420708798,-130789.29893015709
334937.7591622761,445590.6876803801,-110652.92851810402
529982.8889462198,466796.6136166176,63186.27532960224
434999.4301195662,444016.27005280636,-9016.839933240146
305254.1538785196,345406.3362734742,-40152.18239495461
527708.8552002106,438099.3513397775,89609.50386043306
749978.6361699108,755073.8781561326,-5095.241986221867
1484962.385101278,967255.4476491411,517706.937452137
266012.87796654284,339588.85636061203,-73575.97839406919
314991.2060133072,471278.56572166906,-156287.35970836185
835010.8518699668,628233.055038817,206777.79683114984
525024.3912403609,388031.5991763007,136992.79206406022
345000.10487535974,440949.2865666113,-95949.18169125158
150001.41404490612,130743.07240797508,19258.341636931043
705033.0781109203,592675.514800901,112357.56331001932
565010.729379228,487165.26123674354,77845.46814248443
669977.8961486298,653515.6508264507,16462.245322179166
730000.1364190738,806878.0888119778,-76877.95239290397
444986.8454834047,508390.5757425748,-63403.730259170115
1100967.6137853302,1043162.4569296981,57805.156855632085
1314937.9024401335,638588.4127676154,676349.4896725181
259990.4035777104,349549.11863423744,-89558.71505652703
504034.5014658831,534253.4949385157,-30218.993472632603
774985.8111698879,836258.4785498219,-61272.66737993399
242001.69276232485,447772.82004782406,-205771.1272854992
502022.39036503556,466069.2800565468,35953.11030848877
769964.7395583643,743439.0034804328,26525.736077931477
329489.5771161655,450163.85267943423,-120674.27556326875
215001.4389762084,245205.57952888345,-30204.14055267506
207005.3671143447,266517.18184783065,-59511.81473348595
619024.4189999338,847447.5871984661,-228423.1681985323
266012.87796654284,359029.3079664894,-93016.42999994656
512522.55562404904,464365.84915306646,48156.70647098258
539015.7121376827,471205.48968827626,67810.22244940646
305987.64368351887,470402.62089261995,-164414.97720910108
525024.3912403609,415652.36743853736,109372.02380182355
242510.43030458415,355307.3145727368,-112796.88426815264
565010.729379228,924468.9741299095,-359458.24475068157
479932.1410128075,433565.6909737248,46366.45003908267
303003.61042058334,295663.4443220427,7340.166098540649
237993.8233485912,240311.86412484472,-2318.0407762535324
385000.53389145073,416678.54301270173,-31678.009121251
269493.6211907361,237496.0879877225,31997.53320301362
365017.28952338774,373472.38901445735,-8455.099491069617
409994.9001727164,410139.31723006675,-144.4170573503361
352497.9198209906,345545.82122424565,6952.098596744938
409994.9001727164,356815.02895181894,53179.871220897476
510017.33789744286,401092.5872856333,108924.75061180955
1159964.5473660193,1387113.9966810348,-227149.44931501546
279009.19018718053,418199.93093115435,-139190.74074397382
470005.652401455,422887.33640648,47118.31599497498
309991.4514148582,315059.26442078454,-5067.81300592632
399992.0696425668,366688.5770477053,33303.492594861484
320007.5921617715,448624.6551322116,-128617.06297044014
248997.96432205703,401813.3000514625,-152815.33572940546
286989.23921085306,251532.7258907353,35456.51332011775
609991.3160106216,426093.422526958,183897.89348366362
730000.1364190738,736783.043207655,-6782.906788581167
343004.8959661516,306471.4846163355,36533.41134981613
370015.4350123861,387467.342433462,-17451.907421075855
465003.4016876277,392243.7456979961,72759.6559896316
365017.28952338774,398431.4496932293,-33414.16016984155
488991.31130171486,373634.2478820892,115357.06341962563
274992.74651726685,290091.6964835988,-15098.949966331944
283991.6172550083,344728.26176256017,-60736.64450755186
479884.15019828704,560005.707075562,-80121.55687727494
999989.4420914612,719989.5649698016,279999.8771216596
475014.21077960083,447671.8285967098,27342.382182891015
379989.9180867694,354002.8455978941,25987.072488875303
699975.0706260412,644708.5617398623,55266.50888617884
322997.54449718515,311110.63194639806,11886.912550787092
565010.729379228,478697.0607545654,86313.66862466256
259990.4035777104,374017.4529137225,-114027.04933601207
449998.7122159163,525047.178756612,-75048.46654069569
449998.7122159163,391692.5975599744,58306.1146559419
299988.67412229633,351008.42912348383,-51019.7550011875
490019.2720364446,557357.6273096025,-67338.35527315782
593029.8417087824,653233.9335417416,-60204.09183295921
254995.19988933546,429873.0729335985,-174877.87304426302
94996.94384380509,245096.55046891328,-150099.6066251082
905008.8485159902,885349.2046576599,19659.643858330324
855978.0394956605,848494.0891354092,7483.950360251241
220003.77845885692,318469.8892886924,-98466.11082983547
625683.5430635015,427648.63091353566,198034.91214996582
229992.04491934925,205248.27709445596,24743.767824893293
493017.52497023816,475362.86147906474,17654.663491173415
299898.6910182003,339811.71263368824,-39913.02161548793
262997.5511763468,349404.2202687111,-86406.66909236432
577001.416253871,477635.0107299313,99366.40552393976
348990.5069156994,274087.1349150777,74903.37200062169
699975.0706260412,506722.1650362708,193252.90558977035
499968.31230198784,391367.52304725914,108600.7892547287
352885.88087225216,319238.0403011576,33647.84057109454
480989.15401100524,427295.81897095375,53693.33504005149
360988.001528678,372838.2360838099,-11850.23455513193
213011.19457486182,356694.9050911854,-143683.7105163236
299988.67412229633,299284.904711457,703.7694108393043
225009.9719539956,252129.48485514504,-27119.51290114943
728978.851294484,508774.1059920362,220204.74530244782
179943.8253903205,290884.52468169556,-110940.69929137506
405996.57394940424,319630.2374001383,86366.33654926595
997991.4618535088,692188.4909446792,305802.9709088296
507017.0950235253,442899.26856347563,64117.82646004966
565010.729379228,465752.10422640643,99258.62515282154
649982.0330316388,569515.448701336,80466.58433030278
314991.2060133072,423317.5961186027,-108326.39010529552
342490.7743098424,299377.2000374822,43113.57427236019
248997.96432205703,390156.5791817531,-141158.61485969607
565010.729379228,455342.7080636405,109668.02131558745
749978.6361699108,887080.3795416269,-137101.74337171612
234990.41381084712,421018.8693675244,-186028.45555667728
205007.12220900704,249888.00953085566,-44880.887321848626
230015.0452738397,313919.95631852874,-83904.91104468904
314991.2060133072,484849.1323166154,-169857.92630330817
598570.7444986484,688342.5558951868,-89771.8113965384
424981.1100595267,424940.25084257766,40.85921694902936
291006.243136263,252465.88068961882,38540.36244664417
850007.1158332613,896688.3952883126,-46681.27945505129
784969.388136717,719315.0915517318,65654.29658498522
423496.2761494291,427166.21989083965,-3669.9437414105632
744002.7425265245,513002.72914124804,231000.01338527643
389999.2129395211,605275.8995789536,-215276.6866394325
1285039.4805462684,765475.215038313,519564.26550795545
695022.8488154652,637969.6352204267,57053.21359503851
590013.088774859,430060.0191940727,159953.06958078628
388015.28028197825,648370.2556297021,-260354.97534772387
795002.0720617075,839433.8855874899,-44431.81352578243
639984.9887611001,557521.6150525557,82463.37370854442
218490.9775526501,344658.284575302,-126167.30702265189
550014.5437275284,663310.2140743348,-113295.67034680641
850007.1158332613,702639.3697766406,147367.74605662073
338811.7762963602,454103.8880790424,-115292.11178268219
370941.6308623357,398146.82752186625,-27205.19665953057
234990.41381084712,312962.7430334229,-77972.32922257579
200005.4709687925,365791.00410153175,-165785.53313273925
266012.87796654284,360912.93101770047,-94900.05305115762
432008.26543733146,392910.4752200759,39097.79021725553
585019.2314809182,699256.8625411907,-114237.63106027246
541988.4661341164,495050.626202284,46937.83993183239
170007.86845658242,233760.73565594753,-63752.86719936511
734981.0532709017,932232.1417364925,-197251.08846559084
343004.8959661516,380471.4941388644,-37466.59817271278
397519.79079473944,610592.8733813659,-213073.08258662646
164999.87577439836,342789.0803442522,-177789.2045698538
269898.1649544931,393845.04007269355,-123946.87511820043
774985.8111698879,768469.2232147219,6516.587955166004
394983.7879988166,525641.7973779237,-130658.00937910716
199007.93952075846,326579.4097268436,-127571.47020608513
490019.2720364446,401758.2617915765,88261.01024486811
270006.14581520704,443393.1782632936,-173387.03244808654
259990.4035777104,279439.14128142636,-19448.737703715946
698995.7911827238,675081.0718179713,23914.719364752527
333000.74293628917,239635.38512305156,93365.35781323761
500018.3116331437,458870.02082587546,41148.29080726823
282518.69376534194,342012.23030192946,-59493.53653658752
249995.9508216961,297696.45862857724,-47700.50780688113
357003.1913223102,420542.23393977154,-63539.04261746135
429982.5906544442,670114.6815717502,-240132.09091730602
321001.1549240765,376137.20350428694,-55136.04858021042
1457014.445968228,1123828.9406738773,333185.5052943507
299988.67412229633,333782.780405353,-33794.106283056666
426002.28964901064,365537.48836036416,60464.80128864647
502977.1396313113,360143.3877155029,142833.75191580842
544977.615322981,485310.60925038584,59667.00607259519
409994.9001727164,470256.01610643195,-60261.11593371554
248003.96179515906,381251.5510395436,-133247.58924438452
605009.8391871555,557934.5327639162,47075.30642323929
169007.7752088714,235881.99625559803,-66874.22104672663
620015.6508443463,524193.3887112487,95822.26213309757
1599977.3006250064,1434118.3126657498,165858.98795925663
279987.4332796247,287537.2749866823,-7549.841707057611
609991.3160106216,637600.3956780863,-27609.079667464714
869957.8141740499,932114.9036786179,-62157.08950456802
375494.8368405318,429636.87422560574,-54142.037385073956
525024.3912403609,481619.90385487356,43404.48738548736
675021.6206943546,603633.8068337612,71387.81386059348
594930.5767563671,671585.127064415,-76654.55030804791
409994.9001727164,343753.0290255532,66241.87114716321
500018.3116331437,459155.67638821236,40862.63524493133
449998.7122159163,415169.6283455111,34829.083870405215
607495.4715922972,453243.98830098053,154251.48329131666
580357.7484225205,508422.92592774134,71934.82249477913
554987.0171874947,633202.5034304436,-78215.48624294891
519021.19527795695,523409.31725888496,-4388.121980928001
1185055.3022170255,710996.5171132425,474058.785103783
294990.9627184533,629263.4217195204,-334272.45900106704
274992.74651726685,391560.7291475519,-116567.98263028503
535898.4697488769,462529.4939706244,73368.97577825247
488014.30601007206,546531.9554692162,-58517.64945914416
239905.4100872158,355871.17479628447,-115965.76470906867
685017.7299170608,707716.3630842846,-22698.633167223772
669977.8961486298,523295.4020837284,146682.49406490143
504993.0773774131,441825.19207541924,63167.88530199387
449998.7122159163,259231.7052239851,190767.0069919312
225009.9719539956,422798.9799366945,-197789.00798269888
574008.7964442238,385098.65485193086,188910.141592293
365017.28952338774,495530.60656656075,-130513.31704317301
429982.5906544442,461024.85609422985,-31042.265439785668
607009.669561745,598277.3001403967,8732.369421348325
508998.32257664023,407066.2356203231,101932.08695631713
624995.6695659152,770315.5162039311,-145319.84663801582
514988.5776090478,647472.8895185292,-132484.31190948136
730000.1364190738,505190.0096762993,224810.1267427745
1319944.17235804,1343293.037551638,-23348.865193597972
458997.4805363234,666828.6357689621,-207831.1552326387
749978.6361699108,334190.932403124,415787.7037667868
617478.7907927068,331750.8269603583,285727.96383234847
305987.64368351887,299614.7431260196,6372.9005574992625
320007.5921617715,280155.84977218724,39851.74238958425
1037993.4162900057,442897.97924341063,595095.437046595
574008.7964442238,546038.4008992708,27970.395544953062
274992.74651726685,387059.5988685693,-112066.85235130246
570004.7653278012,557387.6519873897,12617.113340411568
190003.9233234075,337603.1047806914,-147599.18145728388
539986.8141491429,433727.1311499196,106259.68299922335
455021.52294948127,408337.39508127066,46684.127868210606
463981.51868737454,579184.2225671236,-115202.70387974905
1024996.7501866395,904263.2347134636,120733.51547317591
240001.39144624295,306646.7857552137,-66645.39430897075
685977.4263697101,524582.2483785677,161395.17799114238
234005.52378967372,352027.50730545144,-118021.98351577771
574985.441311107,647419.3567456518,-72433.91543454479
412462.2642639386,506427.622257505,-93965.35799356643
449998.7122159163,341380.3903611317,108618.32185478462
484997.9775932012,345413.15876061365,139584.81883258757
589482.3158785922,411510.5666604166,177971.7492181756
344001.05389531027,377772.48345332465,-33771.42955801438
465003.4016876277,481743.1329672461,-16739.731279618398
455021.52294948127,327644.51098871353,127377.01196076773
520008.2729758518,489128.1041849732,30880.168790878553
182992.41813335533,265674.27541475266,-82681.85728139733
534988.2162849667,411732.9401483087,123255.27613665798
1340026.569881108,1287706.868598002,52319.70128310588
860010.6053878575,967804.7759496695,-107794.170561812
293549.04259048734,322483.22914646554,-28934.1865559782
309991.4514148582,216424.72211041523,93566.729304443
309991.4514148582,348582.8672016694,-38591.41578681115
320007.5921617715,460273.8574261547,-140266.26526438323
220003.77845885692,308373.9076349035,-88370.12917604658
676982.0246061244,675215.8475016616,1766.177104462753
278507.4253686569,376258.79544639116,-97751.37007773423
669977.8961486298,636654.545673447,33323.35047518287
414985.9735637159,392685.91582341463,22300.057740301243
589010.918609937,631038.2007500206,-42027.28214008361
236996.34546038418,315575.51689956273,-78579.17143917855
330017.18241123157,391905.3322511677,-61888.149839936115
780039.6260472154,775748.229522119,4291.396525096381
1002993.9148735545,756263.4103467603,246730.5045267942
259990.4035777104,445297.9361467505,-185307.5325690401
662714.7929039261,657707.5210126092,5007.271891316865
209002.18804354116,242972.91286536233,-33970.724821821175
189946.9306957322,249310.02741049216,-59363.096714759944
414985.9735637159,649539.1459616602,-234553.17239794432
301492.3736089186,271952.59643445426,29539.77717446437
394983.7879988166,543676.9428180909,-148693.15481927432
242995.9365095631,460938.17167136015,-217942.23516179706
749004.2974003104,647515.7737789081,101488.52362140233
330017.18241123157,512432.16388266743,-182414.98147143587
539878.8275853298,435864.88496301667,104013.9426223131
783479.3622720789,894794.4901962088,-111315.12792412995
279987.4332796247,337532.63678855775,-57545.203508933075
842475.6173845419,644759.8606349431,197715.75674959878
328995.7132409971,333026.6578288961,-4030.9445878989645
330017.18241123157,259960.3176223099,70056.86478892167
554820.5460542573,698790.9783751623,-143970.43232090503
467007.22143980063,467812.7074450921,-805.4860052914592
417232.95922206494,462715.47981932864,-45482.520597263705
915018.9001994401,784057.4864825606,130961.41371687944
387007.75090900436,424164.5913928974,-37156.84048389306
323385.3742018653,458400.59484581545,-135015.22064395016
605009.8391871555,479899.8786139754,125109.96057318005
439942.801124621,521650.52316342504,-81707.72203880403
270006.14581520704,428508.38534865656,-158502.23953344952
434999.4301195662,366298.7497048499,68700.6804147163
252003.93967441836,356784.5294339125,-104780.58975949412
314991.2060133072,419820.5000305168,-104829.29401720961
695996.562244166,688111.5537251291,7885.008519036928
361493.73866420944,367564.6735668376,-6070.934902628185
565010.729379228,399505.963352876,165504.76602635195
544977.615322981,396524.37022018206,148453.24510279897
429982.5906544442,415039.279915144,14943.310739300156
475014.21077960083,333083.445082463,141930.76569713786
619767.6941786472,361210.18944842793,258557.5047302193
262000.05692127906,433943.57789676526,-171943.5209754862
449953.71459461335,362581.1718034156,87372.54279119777
222993.96783296365,312548.83140286617,-89554.86356990252
134995.94230920577,282702.8512935262,-147706.9089843204
280491.86451144004,395799.74112784234,-115307.8766164023
1099537.2858020356,835685.6861621541,263851.5996398815
387007.75090900436,329013.6066321478,57994.14427685656
303488.8042488113,464705.60530990903,-161216.8010610977
439986.7976045207,499879.6813405832,-59892.883736062504
379951.9209948471,515554.8842968222,-135602.9633019751
760019.978943089,695446.6995749924,64573.27936809661
601510.9387397458,429512.237984889,171998.70075485675
504993.0773774131,324157.7115171027,180835.36586031038
490019.2720364446,437815.87011198234,52203.40192446229
385000.53389145073,469941.3229813719,-84940.78908992116
274992.74651726685,238965.0908324565,36027.655684810336
525024.3912403609,333263.877497503,191760.5137428579
711976.3688315575,849851.0432867078,-137874.67445515038
377679.0349456795,483035.24450369546,-105356.20955801598
949983.5997436772,755062.3109170782,194921.28882659902
1005001.9100291244,683567.9196376104,321433.9903915139
714972.9580129466,657263.9697313905,57708.98828155617
477013.4659618541,474207.64395454765,2805.822007306444
256991.93960992235,417602.4915361622,-160610.55192623986
795002.0720617075,889042.201588315,-94040.12952660746
1563128.7818072839,925519.9043112242,637608.8774960596
259990.4035777104,376264.688252843,-116274.28467513257
164999.87577439836,316747.6931513797,-151747.81737698134
294990.9627184533,367835.9871979858,-72845.0244795325
115001.4481643985,157218.92299841202,-42217.47483401351
414985.9735637159,430371.4610109913,-15385.48744727543
639984.9887611001,537760.1673484291,102224.82141267101
419617.9779355298,699414.4237912319,-279796.44585570216
225009.9719539956,324838.2749344029,-99828.30298040729
780976.2354517222,712913.5997771153,68062.63567460689
350004.04831045395,301647.43891830737,48356.60939214658
220003.77845885692,171032.59900899293,48971.179449863994
417984.6548717913,316954.92138106294,101029.73349072837
590013.088774859,319904.0773767263,270109.01139813266
1388035.5054262562,584681.5192689757,803353.9861572805
572518.3120428295,499469.4219444447,73048.89009838476
389999.2129395211,414964.5535620518,-24965.340622530668
218010.8257626644,347430.99289824197,-129420.16713557756
330017.18241123157,622532.9113725678,-292515.7289613362
240001.39144624295,285057.6071635818,-45056.21571733887
227066.90756123973,547262.4018948928,-320195.49433365307
389999.2129395211,372558.8452814586,17440.367658062547
562473.8932592008,541784.7752133802,20689.11804582062
372987.4306243062,345995.92974101385,26991.50088329235
520008.2729758518,592046.1573360635,-72037.88436021167
386504.9677127094,363242.34513736266,23262.62257534673
422988.3854134379,366423.9051022065,56564.4803112314
401997.0382352448,438635.37306745537,-36638.33483221056
317997.8815666406,287040.24104131776,30957.640525322815
404982.85019720223,273481.5104137059,131501.33978349634
500018.3116331437,313113.14064605866,186905.17098708503
240001.39144624295,249309.89094177337,-9308.499495530414
526022.8858532188,431197.37260158325,94825.5132516356
284987.32939519046,391885.127060921,-106897.79766573053
1612505.9216719195,2307795.8765077926,-695289.9548358731
375007.010708327,400387.6332405596,-25380.622532232606
465003.4016876277,347459.96235321515,117543.43933441257
760019.978943089,544530.8143016492,215489.1646414398
643385.9136916051,693711.9900303506,-50326.07633874554
375007.010708327,565849.8835074861,-190842.8727991591
734981.0532709017,676807.7787864266,58173.27448447503
348014.70026317565,541966.0497783198,-193951.34951514413
619395.9450980165,588053.2406528776,31342.704445138923
762989.8443341762,892462.9080630835,-129473.06372890738
475584.56997961365,409826.9861278953,65757.58385171834
532479.6713667966,664365.8920790971,-131886.2207123005
515813.2188703077,530295.8827251131,-14482.663854805345
884962.0130840725,787195.5033074117,97766.50977666082
929962.926168604,618938.1355040331,311024.790664571
550014.5437275284,734297.0438335072,-184282.5001059788
294990.9627184533,349807.5835105533,-54816.62079209997
525024.3912403609,384766.42484324676,140257.96639711416
791986.7968391761,869330.4825681576,-77343.68572898151
749978.6361699108,535508.8999934783,214469.73617643246
432008.26543733146,429230.00496280676,2778.2604745246936
326994.94792846614,313123.82787153043,13871.120056935702
424938.61407335557,429218.73756656045,-4280.123493204883
652978.8377500729,571429.0867048106,81549.75104526232
660003.2247661569,806277.1907798651,-146273.96601370827
1129968.144970978,1377198.5550528595,-247230.41008188156
1337482.9366151448,1064005.9667432744,273476.9698718705
254995.19988933546,382933.0144955744,-127937.81460623894
307306.22346617986,370815.9043016452,-63509.68083546532
580009.6382169717,344856.69769449683,235152.94052247482
705033.0781109203,533737.4619137463,171295.61619717395
254995.19988933546,368782.643861668,-113787.44397233255
335004.7534133102,355710.73172254156,-20705.978309231345
525024.3912403609,386656.95607058617,138367.43516977475
257996.1651413317,398340.27344543487,-140344.10830410317
299509.0760244932,298397.6836319871,1111.3923925061245
270006.14581520704,391858.0470925795,-121851.90127737244
370015.4350123861,319536.4180074749,50479.017004911206
995001.9739419312,1064094.970010933,-69092.99606900185
272992.6088524378,358356.02980340144,-85363.42095096363
799866.4058358159,852942.093928633,-53075.68809281709
860010.6053878575,548534.5766068419,311476.02878101566
366993.7144313553,686058.9235452883,-319065.209113933
443609.52221647615,449899.73000179615,-6290.207785320003
309991.4514148582,496148.4830555558,-186157.03164069756
339999.6951587399,497044.27765361755,-157044.58249487763
265003.9472127818,328075.21836964996,-63071.27115686814
350004.04831045395,463518.62935334636,-113514.58104289242
919973.367282293,888357.191110478,31616.176171815023
824968.1017303081,528978.8227803371,295989.2789499711
256709.4038994814,331704.7707962839,-74995.3668968025
334904.26706099295,382200.2233552471,-47295.95629425417
385000.53389145073,262735.5491520678,122264.98473938293
248997.96432205703,414843.17733226705,-165845.21301021002
439986.7976045207,432287.8623280547,7698.935276466014
759032.5949091413,397208.01890122873,361824.5760079126
270006.14581520704,383424.6787837393,-113418.53296853224
265003.9472127818,302987.22562347254,-37983.27841069072
905008.8485159902,652645.0654242194,252363.78309177083
429982.5906544442,371671.84861673263,58310.74203771155
1150031.6250444886,1141238.2006019047,8793.424442583928
363015.20520978933,469730.08979700244,-106714.8845872131
424981.1100595267,388625.4425197684,36355.66753975832
500018.3116331437,416561.45169556467,83456.85993757902
434999.4301195662,639557.5875215784,-204558.1574020122
664971.8580362194,615918.5743244383,49053.28371178103
611029.1831849858,530768.4230286442,80260.7601563416
375007.010708327,407466.13269577036,-32459.12198744336
623996.4760625738,410133.40409355186,213863.07196902198
780039.6260472154,833979.9704758511,-53940.34442863567
850007.1158332613,903879.1555288688,-53872.0396956075
429810.6320122033,462184.11046086135,-32373.478448658076
449998.7122159163,395436.12933241914,54562.582883497176
429982.5906544442,321503.89164779533,108478.69900664885
350004.04831045395,320134.18470422085,29869.86360623309
184997.94576021977,363418.5342546189,-178420.58849439916
507270.66695873754,435500.6234535176,71770.04350521992
1518600.8872251937,1237558.3038607603,281042.5833644334
151994.55852348363,260795.4613043296,-108800.90278084597
259990.4035777104,354524.86162678764,-94534.45804907722
552771.5031009361,479876.3447617501,72895.15833918599
615013.8088800033,358717.5960104764,256296.21286952688
731973.8000342859,470222.4348805606,261751.36515372526
329951.18557465315,420616.1291426211,-90664.94356796797
379989.9180867694,360653.92127677577,19335.996809993638
574985.441311107,560355.0819475738,14630.359363533207
234990.41381084712,350452.9838588313,-115462.57004798416
582975.2432367329,535250.0920075491,47725.15122918377
669977.8961486298,499991.79933948367,169986.09680914617
325006.350135677,341650.3508590307,-16644.000723353645
624995.6695659152,506900.65045348584,118095.0191124294
330017.18241123157,435142.9210832114,-105125.73867197981
99997.45353540013,249225.38090121,-149227.92736580988
825710.9072342026,870847.7750278012,-45136.86779359856
906004.9059805267,633205.2954890664,272799.6104914603
449009.80324776605,343947.87958418543,105061.92366358062
370015.4350123861,306151.6749633031,63863.76004908304
303701.32078389457,464047.7999269446,-160346.47914305003
675021.6206943546,347223.1752002409,327798.4454941137
424938.61407335557,546169.2425145585,-121230.62844120292
291006.243136263,370085.43738891894,-79079.19425265596
240001.39144624295,319747.85798496584,-79746.46653872289
514988.5776090478,431787.34434309177,83201.23326595605
517984.19023810886,525725.7500595622,-7741.559821453295
337999.60303101054,436681.6620189631,-98682.05898795254
549959.5450231358,486738.2922940357,63221.25272910012
500018.3116331437,461355.9791256249,38662.33250751882
632477.5469117787,414387.29216071224,218090.2547510665
919973.367282293,963070.2420480488,-43096.874765755725
409994.9001727164,371162.82087341335,38832.07929930306
999989.4420914612,842681.2622266944,157308.17986476677
434999.4301195662,382252.7983974548,52746.63172211143
229992.04491934925,308576.47992953844,-78584.43501018919
514988.5776090478,375024.73534790624,139963.84226114157
550014.5437275284,459852.5501337082,90161.9935938202
649982.0330316388,785814.870752776,-135832.8377211372
495984.52221079497,385765.55878602224,110218.96342477272
329489.5771161655,359904.2792711854,-30414.702155019913
210997.16999029793,337549.88265492744,-126552.71266462951
520008.2729758518,394030.4251782494,125977.84779760236
855036.981329096,639268.9209483919,215768.06038070412
439986.7976045207,494758.02088080224,-54771.223276281555
774985.8111698879,763871.5153646896,11114.295805198257
655006.2129550765,723160.5428032578,-68154.32984818134
279009.19018718053,417086.0180073716,-138076.82782019104
1324969.502292731,1218964.6358506884,106004.86644204264
654024.4401493305,446725.30117688363,207299.1389724469
424981.1100595267,787742.8826212987,-362761.77256177197
734466.7465619609,897998.3679957093,-163531.6214337484
211991.1908083487,242344.92120575035,-30353.73039740164
910000.1105713466,753660.6030608295,156339.50751051714
699975.0706260412,409382.65862482577,290592.4120012154
534988.2162849667,464370.49297433894,70617.72331062774
211991.1908083487,333912.5088736604,-121921.3180653117
424938.61407335557,557468.3532988846,-132529.73922552902
1039967.4785462355,953604.8000149896,86362.67853124591
339999.6951587399,375111.17429908883,-35111.47914034891
979698.3527997056,670681.7163554847,309016.6364442209
1099977.1886910698,1188330.1784087406,-88352.98971767072
467988.9670769519,385148.4834245131,82840.48365243885
880020.0761491403,559143.0073250559,320877.06882408436
840035.9772820559,668290.9535236363,171745.02375841956
369904.44703091163,479083.2236413834,-109178.77661047177
257506.4378158489,302030.9654648693,-44524.52764902037
199506.08178794518,303051.44939455204,-103545.36760660686
878964.6854188472,1002515.9409805248,-123551.2555616775
524499.6292738332,543252.730199046,-18753.100925212726
234990.41381084712,263331.6230555109,-28341.209244663798
396012.082050609,401647.41344307107,-5635.331392462074
428994.76712845935,581617.8370767081,-152623.06994824874
375983.2975591002,430296.92798757355,-54313.63042847335
309991.4514148582,469117.60178267007,-159126.15036781185
444986.8454834047,369165.08981624286,75821.75566716184
724980.473231278,656316.5394505841,68663.93378069391
314991.2060133072,306283.58927588264,8707.61673742457
246003.24355241624,401526.17115263926,-155522.92760022302
550014.5437275284,503297.57273984666,46716.970987681765
796514.0118866159,811504.0453840307,-14990.033497414785
291997.34828691825,553213.599094528,-261216.25080760976
635012.5236729799,659325.1159982069,-24312.592325226986
330017.18241123157,371685.72054019093,-41668.538128959364
274004.5524463815,353968.760686828,-79964.20824044652
514988.5776090478,523209.7897175782,-8221.212108530395
330017.18241123157,329980.8681232359,36.314287995686755
725778.3905258873,883868.4384704923,-158090.047944605
615013.8088800033,516962.79455812194,98051.01432188135
458997.4805363234,373139.56451937277,85857.91601695062
434999.4301195662,658554.8841217295,-223555.45400216331
600009.0395491241,577040.9744802138,22968.065068910248
215001.4389762084,732713.5861710492,-517712.14719484077
391484.02931307245,458726.1028442432,-67242.07353117078
835010.8518699668,786026.8001199648,48984.05175000208
537992.5545920897,399525.44917309034,138467.1054189994
549959.5450231358,384844.25618638727,165115.28883674857
222904.78808296975,281403.8406119575,-58499.052528987726
730000.1364190738,699333.0577784361,30667.078640637686
409994.9001727164,465625.19412551407,-55630.293952797656
511549.68728595617,363625.1856743269,147924.50161162927
557992.053375782,531466.421630043,26525.631745739025
810008.4834590409,720493.028718664,89515.45474037691
345000.10487535974,431074.2180704524,-86074.11319509265
588010.4506869809,660396.2201050423,-72385.76941806148
813987.2650820918,761716.8082909314,52270.456791160395
594930.5767563671,691132.0580718734,-96201.48131550627
580009.6382169717,912385.1953326439,-332375.5571156723
484271.0259768271,532824.1371079477,-48553.11113112065
314991.2060133072,357090.54391025176,-42099.33789694455
529982.8889462198,603136.763707453,-73153.87476123322
845006.8391709592,490663.2410716612,354343.598099298
799226.7686001557,770406.8139724012,28819.954627754516
350004.04831045395,400311.4438597447,-50307.395549290755
514988.5776090478,542575.3946949649,-27586.81708591705
550014.5437275284,471194.783752399,78819.75997512945
605009.8391871555,646264.4652731686,-41254.62608601316
795002.0720617075,544093.2362234686,250908.83583823894
494993.5444744353,459320.68932099274,35672.855153442535
539878.8275853298,520522.4540817625,19356.373503567243
514988.5776090478,453993.2804496606,60995.297159387206
220003.77845885692,263468.76226174115,-43464.983802884235
389999.2129395211,348064.1732609988,41935.03967852233
550014.5437275284,522639.3536570131,27375.190070515324
494993.5444744353,455447.71810658474,39545.82636785053
389999.2129395211,399856.8915740984,-9857.678634577256
399952.0724354963,506479.36056852556,-106527.28813302924
574985.441311107,499628.7270131458,75356.71429796121
218010.8257626644,263219.547989724,-45208.72222705957
869957.8141740499,916711.1608186807,-46753.34664463077
539986.8141491429,499063.8852907148,40922.928858428146
274992.74651726685,234803.49726602054,40189.24925124631
399992.0696425668,452942.60108942713,-52950.53144686035
404982.85019720223,462890.0060874229,-57907.15589022066
162999.1067968567,305136.4683226345,-142137.36152577781
399992.0696425668,471131.4883461603,-71139.41870359349
319975.59300254006,382432.7390960172,-62457.146093477146
655006.2129550765,470256.7799833072,184749.4329717693
559612.5789569455,714514.8090213527,-154902.23006440722
321001.1549240765,343544.3144712875,-22543.159547210962
489970.27255925577,534908.6097748801,-44938.33721562434
210007.81010831188,347259.68315939663,-137251.87305108475
350004.04831045395,280090.0236644513,69914.02464600262
428994.76712845935,448654.3060790122,-19659.538950552873
732632.8729926604,433311.1990951613,299321.6738974991
263497.7215349544,499694.47797958687,-236196.75644463248
299988.67412229633,321546.0750060653,-21557.400883768976
486990.55128614063,748640.8858988908,-261650.33461275016
507017.0950235253,388303.9067151777,118713.1883083476
679899.3149912021,721912.3982692892,-42013.083278087084
600009.0395491241,758132.1476064603,-158123.10805733618
449998.7122159163,349439.909249006,100558.8029669103
174992.78089041667,283718.97938762297,-108726.1984972063
249945.95663111762,290619.95650119655,-40673.99987007893
200005.4709687925,267742.50152937294,-67737.03056058043
134000.65942459405,310573.0937149585,-176572.43429036447
279987.4332796247,291009.8158820526,-11022.382602427911
574985.441311107,867751.9194098847,-292766.4780987777
253495.15768585843,280873.1047613761,-27377.947075517674
560004.4448992941,564757.7450997842,-4753.300200490165
507017.0950235253,348282.3924271373,158734.702596388
875018.2305176305,761166.6068113404,113851.62370629003
507017.0950235253,571814.3393715057,-64797.24434798036
465003.4016876277,667970.127290768,-202966.72560314025
274992.74651726685,385086.62928919616,-110093.88277192932
1095038.411923869,802791.5147921474,292246.8971317216
389999.2129395211,378551.41834093974,11447.794598581386
249496.45857879287,250641.92892002797,-1145.4703412351082
262997.5511763468,408226.9038702989,-145229.3526939521
491983.27451086976,364878.77195207623,127104.50255879352
375007.010708327,295071.58069123875,79935.43001708825
560004.4448992941,644831.3131780653,-84826.86827877129
773978.9841946953,701751.4307770234,72227.55341767182
445788.54311668617,452798.10934994865,-7009.566233262478
309001.0642349489,339226.9659936972,-30225.90175874828
660003.2247661569,618076.0800113309,41927.144754825975
359798.7045429469,632796.8875349076,-272998.18299196067
609991.3160106216,960535.6855719988,-350544.3695613772
440999.93189682387,505547.567882871,-64547.63598604716
274992.74651726685,377481.2434320228,-102488.49691475596
279987.4332796247,302298.57894003426,-22311.145660409587
979992.3063963796,1330219.706018166,-350227.3996217863
279987.4332796247,410962.01412656176,-130974.58084693708
382009.2110521615,521782.1642697234,-139772.95321756188
699975.0706260412,424731.41677379893,275243.6538522422
315495.5953467922,290999.4932454895,24496.102101302706
550014.5437275284,595347.7892102649,-45333.2454827365
596479.408865166,455140.3268046024,141339.0820605636
225009.9719539956,354829.9104549937,-129819.9385009981
588010.4506869809,553569.9161146185,34440.53457236232
689967.6559224206,535839.4639154775,154128.19200694305
594930.5767563671,482238.7493281391,112691.82742822799
1185055.3022170255,1193406.363004151,-8351.06078712549
579024.4594712008,507716.9617191413,71307.49775205954
780039.6260472154,650390.9837024658,129648.64234474965
1255820.8745053685,960042.6621466728,295778.2123586957
469958.65418616484,502638.6826665459,-32680.028480381065
268498.3372031602,480123.86501845333,-211625.5278152931
442501.88353617984,389851.1110296938,52650.77250648604
734981.0532709017,786432.1814940253,-51451.12822312361
366993.7144313553,496557.87171552365,-129564.15728416835
457988.7960389265,443712.1203414821,14276.675697444414
687007.1646198764,602384.8474870092,84622.31713286717
738517.4428717783,705661.6030414599,32855.83983031835
350004.04831045395,531340.7879608123,-181336.7396503584
884962.0130840725,632916.020676402,252045.99240767048
284987.32939519046,305798.56285564415,-20811.233460453688
397997.10087246215,365654.3134926294,32342.787379832764
995001.9739419312,1363710.1964813443,-368708.22253941314
320007.5921617715,424424.9629354272,-104417.37077365571
234990.41381084712,352535.9480000804,-117545.5341892333
455021.52294948127,370175.4403997896,84846.08254969167
427495.90997361345,416837.40026516776,10658.509708445694
649982.0330316388,835136.3723644612,-185154.33933282236
249945.95663111762,350942.87344846554,-100996.91681734793
270492.5945501946,498070.18544923683,-227577.5908990422
510017.33789744286,479541.6079798958,30475.729917547083
475014.21077960083,362432.776629647,112581.43414995383
895018.7976523915,961184.876122492,-66166.07847010053
514988.5776090478,428014.48981361033,86974.08779543749
262498.3302391841,291405.08884584863,-28906.758606664545
274992.74651726685,278259.03040249384,-3266.2838852269924
240001.39144624295,370932.40208828927,-130931.01064204631
813011.0662004655,857572.6861382471,-44561.619937781594
219959.7821029475,328557.8721311957,-108598.09002824817
624995.6695659152,447184.3623017241,177811.30726419116
498022.2332049041,504111.0195196557,-6088.786314751545
365017.28952338774,336466.0903931804,28551.19913020736
546177.8858902056,486278.48855354654,59899.39733665908
749978.6361699108,764322.6118485742,-14343.975678663468
533385.6566774426,526812.7159996587,6572.940677783918
393997.5618251962,412950.9867872577,-18953.424962061516
734981.0532709017,576497.7602199763,158483.29305092536
330017.18241123157,542871.0960177222,-212853.9136064906
385000.53389145073,398305.29642793094,-13304.762536480208
570004.7653278012,552460.4202096147,17544.345118186553
683034.0562173901,502778.30733300344,180255.74888438667
1294972.4775075414,1094162.0793626264,200810.398144915
257506.4378158489,321115.15022881626,-63608.71241296735
699975.0706260412,431786.84668623575,268188.2239398054
328010.2051026126,377234.31386580464,-49224.10876319202
514988.5776090478,444860.3232382758,70128.25437077199
215001.4389762084,290159.6777446039,-75158.2387683955
254002.6553297083,444584.1109007079,-190581.4555709996
412503.512552745,332637.1148555441,79866.39769720088
639025.7309012142,592544.8605867117,46480.87031450251
942508.2956347018,1015115.451499787,-72607.1558650852
130001.33517995293,291985.0961579702,-161983.76097801726
795002.0720617075,499741.3936454577,295260.6784162498
274992.74651726685,487330.2760780463,-212337.52956077945
490019.2720364446,668754.7187748727,-178735.4467384281
429896.60273539124,448556.7424208973,-18660.13968550606
422988.3854134379,592213.841571836,-169225.45615839813
579951.6401531016,623084.1772080435,-43132.53705494187
566991.7316637809,713289.3434876609,-146297.61182388
434999.4301195662,575640.331909633,-140640.9017900668
534988.2162849667,594796.4474841927,-59808.23119922599
1275055.1620605458,861788.8472361775,413266.3148243682
271902.81944888696,361480.9360986134,-89578.11664972646
284958.8320871401,423420.65666067036,-138461.82457353023
330017.18241123157,490034.02186120383,-160016.83944997226
428994.76712845935,361758.07853872416,67236.68858973519
409994.9001727164,261518.93873366094,148475.96143905548
962799.0517473599,925364.4670814364,37434.584665923496
385000.53389145073,383813.3538029385,1187.1800885122502
1190043.0013225419,1063439.7645169802,126603.2368055617
385000.53389145073,479771.12957784196,-94770.59568639123
455021.52294948127,527427.0741885136,-72405.5512390323
303488.8042488113,574497.8471894719,-271009.0429406606
424981.1100595267,343734.6623736319,81246.44768589479
800026.3951153775,603613.4111885406,196412.98392683687
600009.0395491241,900102.2078930886,-300093.1683439645
465003.4016876277,367903.2798580273,97100.12182960042
473023.3348603441,443145.4980810235,29877.836779320613
182499.00501185757,228011.5853616899,-45512.58034983234
1394993.0623507958,1028899.4737757139,366093.5885750819
305010.0482107029,512414.3247647704,-207404.2765540675
164999.87577439836,321888.1269042838,-156888.25112988547
695022.8488154652,418926.0026774224,276096.8461380428
551998.1644599552,556126.5479139852,-4128.38345403003
622998.879990552,584964.3349224075,38034.54506814445
660003.2247661569,405971.10002500855,254032.12474114832
208001.38139842855,185472.90117376676,22528.48022466179
320007.5921617715,348958.02627024165,-28950.43410847016
582509.0495444841,446684.3895681641,135824.65997632005
193997.3930366959,344113.9150667519,-150116.522030056
345000.10487535974,495527.8088032187,-150527.70392785897
875018.2305176305,643710.9393786261,231307.2911390044
279009.19018718053,472662.46344696695,-193653.27325978642
375007.010708327,420604.24837965466,-45597.23767132766
626998.8591023963,532784.0033497219,94214.8557526744
363487.43185737793,455720.35359300126,-92232.92173562333
689967.6559224206,682390.6001889738,7577.05573344673
899864.9720544033,521030.3907143618,378834.5813400415
1500036.501335451,739698.0398861198,760338.4614493311
1199961.4629089332,1041701.6439638736,158259.81894505955
528976.877470765,410550.71496415936,118426.16250660567
414985.9735637159,505812.53277855896,-90826.55921484309
949983.5997436772,1242067.2893684546,-292083.6896247774
539986.8141491429,424815.596684989,115171.21746415395
424981.1100595267,426793.9109626705,-1812.8009031438269
534934.7201381903,554642.8919989042,-19708.17186071386
496977.4838859048,581161.9144102853,-84184.43052438053
824968.1017303081,436588.8931955149,388379.20853479323
615013.8088800033,528889.9396557099,86123.86922429339
255991.62293086894,326975.7792932884,-70984.15636241948
470005.652401455,665813.2979086644,-195807.64550720947
709985.623343134,467314.57935127686,242671.0439918571
352004.7680200499,461257.8465778622,-109253.07855781232
427196.76754869556,319622.77195174765,107573.9955969479
699975.0706260412,973492.8289661723,-273517.75834013114
692525.2649081524,784121.4903833249,-91596.22547517251
523504.0261007385,414697.96394626086,108806.06215447764
375007.010708327,323962.02952400193,51044.981184325065
949983.5997436772,919790.3766700489,30193.223073628265
599889.0497405953,488972.25476972206,110916.79497087322
714972.9580129466,629374.1995747022,85598.75843824446
550014.5437275284,557362.7020837315,-7348.1583562031155
412008.80522144574,349212.2748047145,62796.53041673126
598989.8907038543,585162.8319497901,13827.058754064143
274992.74651726685,380029.88482934644,-105037.1383120796
939966.9555894141,709308.5743031208,230658.38128629327
332003.23771344335,393944.76424325875,-61941.5265298154
798507.7880981729,582409.7257550291,216098.06234314374
449998.7122159163,304752.03037178464,145246.68184413167
324000.390493308,463546.8892639431,-139546.4987706351
500018.3116331437,456809.51678652293,43208.79484662076
305010.0482107029,350372.20889659575,-45362.16068589286
480989.15401100524,405063.6712758335,75925.48273517174
271007.0190283384,378419.0017000584,-107411.98267171998
299988.67412229633,384791.7396564868,-84803.06553419045
498022.2332049041,875467.9985333607,-377445.76532845653
824968.1017303081,783205.7479555013,41762.353774806834
394983.7879988166,430618.3837897613,-35634.5957909447
560004.4448992941,603275.6287547739,-43271.183855479816
266199.1521694843,357985.7196020411,-91786.56743255683
307552.166809173,464428.40378334693,-156876.23697417392
455021.52294948127,284304.93009333295,170716.59285614832
115001.4481643985,332655.6812424601,-217654.2330780616
949983.5997436772,544186.895265434,405796.70447824313
449998.7122159163,406534.2652904736,43464.446925442724
334001.2451680692,367358.3574293433,-33357.11226127407
200005.4709687925,377630.2001305083,-177624.72916171578
569491.9918216964,558998.9146521838,10493.077169512631
685977.4263697101,843256.6587548433,-157279.23238513316
725996.1567063396,503251.94512573205,222744.21158060752
935091.8137743826,572000.8317503271,363090.98202405544
299988.67412229633,460406.22208225966,-160417.54795996333
144004.52475871492,261649.763500175,-117645.23874146008
424981.1100595267,389888.9042646222,35092.2057949045
630015.6882236699,489468.84982791846,140546.83839575143
828026.1375843305,500644.0997982772,327382.0377860533
628002.8602637033,759435.7636593312,-131432.90339562797
450989.79917871207,375497.04706854187,75492.7521101702
339999.6951587399,199799.38210439042,140200.3130543495
549025.4080380053,602683.3401802134,-53657.9321422081
585019.2314809182,506794.0922149714,78225.13926594687
572003.2773623622,438690.37206913874,133312.9052932235
590013.088774859,466000.71239059715,124012.37638426182
319943.5970430645,417307.0728478798,-97363.4758048153
330017.18241123157,486184.0758379236,-156166.89342669206
587011.6821146365,490440.87733875646,96570.80477588007
600009.0395491241,608008.0198431815,-7998.980294057401
365017.28952338774,404975.8238497648,-39958.53432637709
473023.3348603441,769751.9552289034,-296728.6203685593
428994.76712845935,505145.3229589369,-76150.55583047756
493510.7890861607,452717.5114007568,40793.27768540394
605978.6297556342,398392.6689166565,207585.9608389777
875018.2305176305,861499.2877924332,13518.942725197296
1099977.1886910698,592716.53520971,507260.6534813598
1099977.1886910698,1223156.8176431258,-123179.62895205594
459778.43988059735,335425.9815483646,124352.45833223272
463008.17986160074,397798.88361589494,65209.2962457058
242995.9365095631,336628.28842908837,-93632.35191952527
200005.4709687925,353665.55220586713,-153660.08123707463
675021.6206943546,705541.9609552323,-30520.340260877623
289960.5041205989,416017.66824714874,-126057.16412654985
717982.1593358539,771804.9170683965,-53822.75773254258
279009.19018718053,398571.7360542052,-119562.54586702469
767504.7904095721,1241052.8278978888,-473548.03748831677
442501.88353617984,468648.71068749105,-26146.827151311212
689829.6761896696,382468.5869275774,307361.08926209225
514988.5776090478,539454.1485967493,-24465.570987701474
529982.8889462198,338881.9352402102,191100.9537060096
394983.7879988166,294632.345131038,100351.44286777859
289989.50162086176,370000.7438770334,-80011.24225617165
419995.8041119478,536914.7876855262,-116918.98357357841
229992.04491934925,367525.59138956305,-137533.5464702138
228959.40589758885,285708.1561113748,-56748.75021378594
458951.58308318077,402410.38492310385,56541.19816007692
949983.5997436772,780814.872045734,169168.72769794322
399912.0792279459,526721.5808549799,-126809.50162703404
236783.14470420126,460450.17743087705,-223667.0327266758
254995.19988933546,301768.67204224336,-46773.472152907896
574985.441311107,331244.6388298934,243740.80248121364
381017.27717625425,499733.2389625182,-118715.96178626397
184499.1250177033,263343.29918136116,-78844.17416365785
635012.5236729799,813042.8932665841,-178030.36959360423
220003.77845885692,381208.04816427437,-161204.26970541745
449998.7122159163,495856.40552803257,-45857.69331211626
169956.8737456347,234950.74523595336,-64993.87149031868
363996.67064595467,320996.2354619049,43000.43518404977
337999.60303101054,265759.94406054856,72239.65897046198
728031.7945080904,666976.5361169042,61055.25839118613
479021.1356740153,408483.2471002221,70537.88857379323
360014.6485423943,434962.2241630604,-74947.57562066615
311016.1129662072,321837.6271568488,-10821.514190641581
702007.9445733749,659705.1169416686,42302.82763170637
649982.0330316388,551382.9554598216,98599.07757181721
679967.308322311,506625.49530767195,173341.81301463908
299988.67412229633,464859.05759571487,-164870.38347341854
802911.6805354417,758903.4660121388,44008.21452330297
705033.0781109203,730763.7405125255,-25730.66240160528
274992.74651726685,536037.0833851376,-261044.33686787076
919973.367282293,593043.8040501224,326929.56323217065
949034.0909774412,702231.6026956738,246802.48828176735
449953.71459461335,533320.5242421139,-83366.80964750057
350004.04831045395,406811.74734788213,-56807.69903742819
330017.18241123157,337360.80155641335,-7343.619145181787
824968.1017303081,717397.6060128076,107570.49571750057
244996.69508820938,413772.5911288724,-168775.89604066304
248997.96432205703,326822.2586519944,-77824.29432993737
314991.2060133072,329246.9863107703,-14255.78029746312
600009.0395491241,539429.1210170197,60579.91853210435
424981.1100595267,362096.89537346247,62884.214686064224
141803.8438133294,218167.31965938953,-76363.47584606012
470005.652401455,507973.2221174383,-37967.56971598329
379989.9180867694,259784.3794246469,120205.5386621225
1241958.3421859888,1404305.2891173575,-162346.94693136867
381017.27717625425,478508.09724090906,-97490.8200646548
309991.4514148582,645011.0528432087,-335019.60142835043
1595025.0509459977,1173248.5451240155,421776.50582198217
348014.70026317565,432691.87815129146,-84677.17788811581
534988.2162849667,644125.6606661436,-109137.44438117696
840035.9772820559,706725.9216662733,133310.05561578262
249995.9508216961,405833.1406334647,-155837.18981176856
520008.2729758518,471413.6082687472,48594.66470710456
150001.41404490612,253069.60558493895,-103068.19154003283
216641.67491399645,348255.51724959974,-131613.8423356033
265003.9472127818,346691.29005924787,-81687.34284646605
446993.7985457382,361014.4900453024,85979.30850043584
244996.69508820938,359033.0804239655,-114036.38533575615
279009.19018718053,469717.6089119969,-190708.41872481635
270006.14581520704,354728.5571821086,-84722.41136690154
452480.52385889227,402626.0426522663,49854.48120662599
209944.81721468602,241506.8896282759,-31562.072413589893
286989.23921085306,502061.6724621489,-215072.43325129582
755020.3639600973,656785.6405252815,98234.72343481577
124741.64033179171,259650.82219170622,-134909.1818599145
269008.9689904289,381726.59210655483,-112717.62311612593
439986.7976045207,386806.8665685359,53179.93103598477
399952.0724354963,523282.8748354821,-123330.80239998578
320007.5921617715,317852.7884678467,2154.8036939247977
1326029.9019978924,1239515.2558624481,86514.64613544429
850007.1158332613,549928.6591563049,300078.4566769564
470005.652401455,515352.34135874687,-45346.68895729189
424004.7767201303,370758.64834367967,53246.12837645062
414985.9735637159,497422.79747739626,-82436.82391368039
724980.473231278,370083.6353550668,354896.8378762112
429982.5906544442,730251.7274153208,-300269.13676087663
647970.20866814,714331.1890273876,-66360.98035924765
367949.1396033774,475709.72384809965,-107760.58424472227
709985.623343134,883782.4270860179,-173796.80374288396
234990.41381084712,338908.33917344635,-103917.92536259923
320007.5921617715,592418.6905695312,-272411.0984077597
259496.89079651976,343390.99466114567,-83894.10386462591
99997.45353540013,191646.07887636824,-91648.62534096811
475014.21077960083,408209.43775051483,66804.773029086
820033.1128914005,944442.8484444611,-124409.73555306066
910000.1105713466,884040.1594477086,25959.951123637962
299958.6767547775,276426.47380207817,23532.20295269933
820033.1128914005,803128.2823983547,16904.830493045738
365017.28952338774,531149.6935285834,-166132.40400519565
507017.0950235253,351796.59907960315,155220.49594392214
479980.13662664936,453211.7245405403,26768.41208610905
1334944.131664038,1451022.8546178846,-116078.72295384668
585019.2314809182,599320.8543456866,-14301.622864768375
780039.6260472154,568000.0643858716,212039.5616613438
660003.2247661569,703409.4833362763,-43406.25857011939
324454.3087086095,333791.8003626325,-9337.491654023004
313514.22097875824,408272.5722357618,-94758.35125700355
549025.4080380053,567447.4427395927,-18422.0347015874
196005.89219888436,251491.1146344722,-55485.22243558784
414985.9735637159,444581.7291233025,-29595.75555958663
372987.4306243062,550917.2675236391,-177929.83689933293
330017.18241123157,297506.13756598317,32511.044845248398
1250057.3647181399,1148920.2653674309,101137.099350709
822496.9060720011,622735.5656960624,199761.3403759387
532000.6552521519,462763.6391937005,69237.01605845138
325885.05299609323,480362.6999654882,-154477.646969395
674954.121907281,859604.8705068217,-184650.74859954068
635012.5236729799,502991.9927132135,132020.53095976642
603982.1962045623,371586.5420450022,232395.6541595601
434999.4301195662,357518.28849231696,77481.14162724925
270006.14581520704,407348.1315736986,-137341.98575849156
265003.9472127818,352330.2427348422,-87326.29552206036
332003.23771344335,462519.76566475915,-130516.5279513158
504993.0773774131,444086.3018675025,60906.7755099106
641266.2395623404,953512.5758008109,-312246.3362384705
780039.6260472154,631902.8111348633,148136.81491235213
979992.3063963796,917581.9243028401,62410.38209353946
418989.02280290506,527114.1783040395,-108125.15550113446
649982.0330316388,639751.0947064678,10230.93832517101
499968.31230198784,552900.3685032233,-52932.05620123545
509915.3446295295,541287.9060964077,-31372.561466878164
546014.0570999861,345749.3875066045,200264.66959338164
810008.4834590409,626622.5469103782,183385.93654866272
774985.8111698879,668967.8335339326,106017.97763595532
649982.0330316388,450503.39619026857,199478.63684137026
314991.2060133072,384890.97473818215,-69899.76872487494
418989.02280290506,715060.612970686,-296071.590167781
375007.010708327,534054.4468153974,-159047.43610707036
272011.6023317929,349050.3738488574,-77038.77151706454
685017.7299170608,661630.2966108185,23387.43330624234
834009.4398151261,688822.458561904,145186.9812532221
764976.1990716234,767095.5137471642,-2119.3146755407797
569947.7677011974,440229.794649886,129717.97305131139
1604944.926098188,949934.9417657851,655009.9843324028
612987.6083803008,510265.5864883197,102722.02189198113
482000.292558309,382333.9801968193,99666.31236148969
325006.350135677,404900.7825742002,-79894.43243852316
557490.0864467438,665399.9774545031,-107909.89100775926
262498.3302391841,384003.35548370413,-121505.02524452005
1092959.814234331,1206329.270507179,-113369.45627284795
265056.9533026566,261989.6636577609,3067.2896448957035
444986.8454834047,411255.1367151636,33731.70876824111
249995.9508216961,550002.5837759656,-300006.63295426953
159995.3449931631,234569.07512167352,-74573.73012851042
565010.729379228,527472.7312584152,37537.998120812816
668505.5649352788,655288.2223374264,13217.342597852461
649982.0330316388,522304.649161703,127677.38386993582
577001.416253871,527713.899005494,49287.51724837709
279009.19018718053,263512.22342325863,15496.966763921897
639473.2055106866,508793.79143542855,130679.41407525807
379989.9180867694,513442.76817917544,-133452.85009240604
644996.3907333472,588911.9159905857,56084.474742761464
369497.7758493338,388458.09126470436,-18960.31541537057
479980.13662664936,562796.2735601072,-82816.13693345786
444497.62907172827,419030.9486157229,25466.680456005386
649982.0330316388,721899.1147737486,-71917.08174210973
756456.2663269034,755710.28106651,745.9852603933541
358004.2010175927,301723.4714967392,56280.72952085349
525024.3912403609,574554.711773459,-49530.32053309807
779961.625984679,692364.7636675092,87596.86231716978
284987.32939519046,493643.0373186514,-208655.70792346093
572518.3120428295,652525.7495043268,-80007.43746149738
523975.39180697966,889061.0367491217,-365085.64494214207
209504.3957029773,286016.3969189546,-76512.00121597733
437005.03685706045,408904.4660910316,28100.57076602883
379989.9180867694,402755.5572300643,-22765.639143294888
288254.7739981843,401824.2513860103,-113569.47738782602
875018.2305176305,1209100.7476226052,-334082.5171049747
579951.6401531016,523988.24392846983,55963.39622463181
838022.3083059116,641950.6775739699,196071.63073194167
550014.5437275284,552182.3973462445,-2167.8536187161226
291006.243136263,357136.10958970885,-66129.86645344587
370015.4350123861,510560.117830145,-140544.68281775888
386002.83770990116,345089.8515427249,40912.98616717628
500018.3116331437,459632.8514786841,40385.46015445958
339015.1243604569,338234.6064990411,780.5178614158067
350004.04831045395,358463.28445383895,-8459.236143385002
1049999.2417598825,897366.375603568,152632.8661563145
510017.33789744286,602720.1311490684,-92702.7932516255
699975.0706260412,563882.2807655811,136092.7898604601
360014.6485423943,422717.193154807,-62702.54461241275
354903.07393189706,448491.79350098094,-93588.71956908389
418989.02280290506,466831.39029625466,-47842.36749334959
525024.3912403609,458454.6706812443,66569.72055911663
203007.86477349082,323969.1631477693,-120961.29837427847
325006.350135677,529205.6010799054,-204199.25094422838
716117.830399437,613817.3317206326,102300.49867880438
544977.615322981,416949.1768389068,128028.43848407426
415899.9477084792,359817.63260935235,56082.315099126834
605009.8391871555,556205.5581148965,48804.28107225895
362942.60942856764,390450.0698003502,-27507.460371782538
234990.41381084712,291424.75061574136,-56434.336804894236
345000.10487535974,584057.6564476544,-239057.55157229461
339897.7105486483,344956.00793290045,-5058.297384252131
499019.27438014245,421868.99979724456,77150.2745828979
270006.14581520704,291615.5553036745,-21609.40948846744
1285039.4805462684,1050389.9622060403,234649.51834022813
557880.4661242033,706205.2207682177,-148324.7546440144
679016.0201477588,734462.6541726738,-55446.63402491505
350004.04831045395,383780.6968143974,-33776.64850394346
179997.81663621942,457912.8327802392,-277915.0161440198
434999.4301195662,383359.93705340935,51639.493066156865
544923.1202862451,467968.09677677637,76955.02350946877
340510.0773924567,462588.15655340656,-122078.07916094986
664971.8580362194,706025.5689999344,-41053.710963714984
350004.04831045395,360268.3490220525,-10264.300711598538
644996.3907333472,640475.29523942,4521.095493927132
499019.27438014245,373653.19819977315,125366.0761803693
814964.6361055204,664800.0376047766,150164.59850074386
999989.4420914612,1147100.3223436316,-147110.8802521705
334502.6229751683,488267.6535680727,-153765.03059290443
609991.3160106216,508072.49105072516,101918.82495989645
959914.9828585023,1127489.5632981104,-167574.58043960808
565010.729379228,507409.06696812063,57601.66241110733
705033.0781109203,821681.0633270183,-116647.98521609802
352004.7680200499,394453.87326372997,-42449.10524368007
749978.6361699108,767679.8593949513,-17701.223225040478
364251.5575154033,435641.52887236973,-71389.97135696642
211991.1908083487,254369.33407004087,-42378.14326169217
919973.367282293,697598.4131299746,222374.95415231842
549025.4080380053,413189.3228460646,135836.08519194077
419995.8041119478,393706.7123378713,26289.091774076456
276509.37352421886,413694.6004116618,-137185.22688744293
591016.964078017,551923.861902807,39093.10217521002
749978.6361699108,765175.8497311493,-15197.213561238488
699975.0706260412,480537.2431205126,219437.82750552858
279009.19018718053,369655.1195525231,-90645.92936534254
263893.2647004666,439104.89998097904,-175211.63528051245
254995.19988933546,340081.1697663991,-85085.96987706362
365017.28952338774,358913.13085880614,6104.158664581599
467521.2120263793,511772.6255778332,-44251.41355145391
679016.0201477588,673151.0764077267,5864.943740032031
1225059.5340444252,1616217.5201737385,-391157.98612931324
716117.830399437,626596.6782696823,89521.15212975466
925047.1609447353,580877.7588296456,344169.4021150897
509915.3446295295,454940.9237215325,54974.420907997
460514.67421481025,491061.8780182297,-30547.203803419427
499019.27438014245,412623.5314691651,86395.74291097734
389999.2129395211,550369.9540990149,-160370.74115949374
494004.54671291437,565723.375845834,-71718.82913291967
314991.2060133072,310584.21648869023,4406.989524616976
541988.4661341164,486755.63171469164,55232.83441942476
244996.69508820938,532876.5370523406,-287879.8419641312
589010.918609937,498314.7722765592,90696.14633337775
291997.34828691825,363358.9297589063,-71361.58147198806
162494.59196780372,340919.03121776367,-178424.43924995995
279959.4359361873,414858.5585060369,-134899.1225698496
997991.4618535088,706109.3736212485,291882.0882322603
252508.45189781958,456969.03242507327,-204460.58052725368
289005.2115566589,440974.3196619986,-151969.1081053397
762989.8443341762,647136.0082740693,115853.83606010687
279204.564993516,182878.88448916175,96325.68050435427
1190043.0013225419,963878.9454525493,226164.0558699926
449998.7122159163,347793.00087757217,102205.71133834415
537078.7442081848,500470.9666232607,36607.77758492407
309898.46792765445,364409.13605654845,-54510.668128894
580009.6382169717,411516.048650515,168493.58956645668
731095.958284635,534447.0134021743,196648.94488246064
620015.6508443463,576658.0229926305,43357.62785171578
484997.9775932012,560380.6739136246,-75382.69632042339
289989.50162086176,414596.96762740734,-124607.46600654558
600009.0395491241,284654.1902775884,315354.8492715357
716977.6876070574,358084.9136294215,358892.7739776359
460008.386582422,369878.96955469926,90129.41702772275
176504.2086299326,283170.4118124504,-106666.20318251778
442015.3990797952,978758.737849598,-536743.3387698028
840035.9772820559,651072.6268345419,188963.35044751398
205007.12220900704,307922.2388428309,-102915.11663382384
539986.8141491429,651463.4864118483,-111476.6722627054
274937.7534674518,429335.5968064933,-154397.84333904152
330017.18241123157,288316.1053086548,41701.07710257679
170007.86845658242,349664.85254078987,-179656.98408420745
265003.9472127818,79072.94816588076,185930.99904690107
359008.0174676456,436621.63054935203,-77613.61308170645
174992.78089041667,186762.84993741853,-11770.06904700186
470005.652401455,304939.7813119055,165065.8710895495
1011050.0477580839,764665.0339369902,246385.01382109371
422988.3854134379,460351.1408878602,-37362.7554744223
350004.04831045395,417543.3391064176,-67539.29079596367
638004.1072486409,587984.895904461,50019.211344179814
244996.69508820938,405990.69341570395,-160993.99832749457
677117.4345515884,727196.874533569,-50079.4399819806
730000.1364190738,725186.1054732873,4814.030945786508
344965.6065898153,511598.7200143058,-166633.1134244905
605009.8391871555,657179.4012742752,-52169.56208711967
432008.26543733146,604610.279635712,-172602.01419838058
776537.3337976804,418322.5233389294,358214.81045875105
335004.7534133102,460301.554304907,-125296.80089159677
890020.7001203166,827427.7398989432,62592.96022137336
479980.13662664936,577367.6077832074,-97387.47115655808
268498.3372031602,466989.5647337083,-198491.22753054806
551998.1644599552,393688.0903825879,158310.07407736726
611212.5194390039,604146.1915898067,7066.327849197201
444986.8454834047,500969.5665574556,-55982.721074050874
1269965.1282666018,501450.93211311527,768514.1961534866
325006.350135677,301255.1594227185,23751.190712958516
669977.8961486298,575911.692715202,94066.20343342784
314991.2060133072,319431.7863233253,-4440.580310018093
900044.963047313,695682.8088433654,204362.15420394763
600009.0395491241,527639.6056303314,72369.43391879264
359008.0174676456,581855.913967059,-222847.89649941341
414985.9735637159,359178.24553674855,55807.72802696732
173009.19113211875,328332.00964808406,-155322.8185159653
328436.895658015,441983.5873654341,-113546.69170741912
539015.7121376827,409748.41756569664,129267.29457198607
649007.7908464007,667138.0108755925,-18130.220029191813
339999.6951587399,322746.4047508433,17253.290407896624
502977.1396313113,371444.4886326283,131532.650998683
399992.0696425668,388673.7140010465,11318.355641520291
309991.4514148582,350943.8011170239,-40952.349702165695
291006.243136263,483828.199190554,-192821.956054291
1599977.3006250064,875945.4729261681,724031.8276988383
320007.5921617715,563098.2238700115,-243090.63170824002
234990.41381084712,245936.64292644188,-10946.22911559476
360988.001528678,399948.79597160063,-38960.79444292263
129884.38661304016,229566.8976925872,-99682.51107954704
200005.4709687925,278980.5251034114,-78975.0541346189
200005.4709687925,321918.9249642467,-121913.45399545418
345000.10487535974,446519.47765407356,-101519.37277871382
294990.9627184533,341614.44756770163,-46623.484849248314
259004.31479938715,316303.04584560153,-57298.73104621438
248997.96432205703,425106.9310467966,-176108.96672473958
470005.652401455,580404.9953812121,-110399.34297975712
939966.9555894141,766648.5021938508,173318.4533955633
769964.7395583643,472726.46009930375,297238.2794590605
305987.64368351887,379053.8416671602,-73066.19798364135
611885.2231295852,580109.2091400864,31776.013989498722
249995.9508216961,250706.11419723756,-710.1633755414514
500018.3116331437,333833.5568782099,166184.75475493376
590013.088774859,568327.7344076145,21685.354367244523
479980.13662664936,355075.5676616549,124904.56896499445
419995.8041119478,349604.9102007029,70390.89391124487
395814.1255028445,440247.2127372419,-44433.08723439736
352991.76251796697,499351.6833372689,-146359.92081930191
528976.877470765,674995.7374569974,-146018.85998623236
555986.8934370908,517155.0693870225,38831.82405006827
484997.9775932012,522435.2742875286,-37437.29669432738
761998.6019836691,539267.8816774506,222730.72030621849
467988.9670769519,536918.5509836271,-68929.58390667517
500018.3116331437,615971.7998895193,-115953.48825637565
399992.0696425668,896773.8587905259,-496781.78914795915
313514.22097875824,280520.87840795855,32993.342570799694
550014.5437275284,496639.2063220587,53375.337405469734
266998.9487209722,366905.33589112153,-99906.3871701493
359942.65281249833,542699.6832091379,-182757.03039663954
565010.729379228,439385.00481885625,125625.72456037172
880020.0761491403,808340.7867723741,71679.28937676619
449998.7122159163,417259.199944403,32739.51227151329
252003.93967441836,362876.32139860495,-110872.38172418659
723025.666130684,531903.2991409231,191122.3669897609
265003.9472127818,234069.9240543879,30934.023158393917
490019.2720364446,638871.3426081153,-148852.07057167066
426002.28964901064,470953.37033655995,-44951.080687549314
320007.5921617715,354635.08639330853,-34627.49423153704
616985.0053006047,469969.27182528627,147015.73347531847
734026.1986916009,1041619.7130485489,-307593.51435694797
355506.922283253,427071.67035840027,-71564.74807514728
1144982.6018909868,1226486.5928275024,-81503.99093651562
624995.6695659152,323397.5107865164,301598.15877939883
1190043.0013225419,788725.615252312,401317.3860702298
330017.18241123157,551835.1261175993,-221817.94370636775
1280037.5866052222,1002511.3373513459,277526.2492538763
600009.0395491241,408712.29304096097,191296.7465081631
482482.5339313676,354822.1960390384,127660.3378923292
192009.4752398905,214649.5094875131,-22640.034247622592
429982.5906544442,401414.8260609883,28567.764593455882
335004.7534133102,494555.22641830466,-159550.47300499445
259990.4035777104,314349.0264652688,-54358.62288755839
210007.81010831188,279487.16058172786,-69479.35047341598
437486.0068826192,434297.83542256063,3188.17146005854
455021.52294948127,251547.7657757457,203473.75717373556
200005.4709687925,397049.9730262741,-197044.50205748162
554987.0171874947,339486.27627325256,215500.7409142421
539986.8141491429,575623.51380373,-35636.69965458708
374482.3682287625,409182.4480153826,-34700.079786620045
318985.2045594549,430067.0704171266,-111081.86585767166
434999.4301195662,410119.8668073115,24879.56331225473
336011.27670359326,292221.4108535799,43789.86585001339
615998.618611904,911715.5516135441,-295716.93300164014
155003.03866507058,240024.4227077935,-85021.38404272293
375007.010708327,360926.81122860214,14080.199479724863
409994.9001727164,450432.588091707,-40437.68791899056
248003.96179515906,353264.9217342733,-105260.95993911425
379989.9180867694,372198.47336731106,7791.444719458348
663975.1479685989,499238.47376795154,164736.67420064734
294990.9627184533,341211.4857212681,-46220.52300281479
820033.1128914005,937555.2455175498,-117522.13262614934
244996.69508820938,322476.61394344515,-77479.91885523577
520008.2729758518,392317.00541502715,127691.26756082464
182992.41813335533,245622.8582343412,-62630.44010098587
352497.9198209906,321921.71962186066,30576.200199129933
251198.8159524538,353332.7912006837,-102133.9752482299
431015.7882131504,568303.0427118775,-137287.2544987271
649982.0330316388,401852.0906168349,248129.94241480395
320007.5921617715,279147.8496690099,40859.74249276158
848987.7190546555,613612.9245959182,235374.79445873736
274937.7534674518,285347.4976340915,-10409.744166639692
615013.8088800033,415546.19174572476,199467.61713427852
449998.7122159163,437559.3761829043,12439.33603301202
475014.21077960083,389037.706213616,85976.50456598483
333000.74293628917,477036.14899876126,-144035.4060624721
330017.18241123157,453159.7295811275,-123142.54716989596
449998.7122159163,407318.34588270145,42680.36633321486
401997.0382352448,436311.9960119034,-34314.957776658586
330611.74828832876,369830.4835329225,-39218.73524459376
549025.4080380053,796435.3298287101,-247409.9217907047
539986.8141491429,512717.4790027438,27269.335146399157
660993.9724783251,402045.18835014716,258948.78412817797
370052.4384060261,374174.2162206224,-4121.777814596309
491000.29127274774,630921.4800758725,-139921.18880312477
279987.4332796247,324172.71562216524,-44185.282342540566
925880.078146104,971735.9473793318,-45855.8692332278
1034987.5959288668,613158.9857182408,421828.6102106259
314991.2060133072,365243.2982155458,-50252.092202238564
869957.8141740499,795344.6471385143,74613.16703553556
539986.8141491429,549201.5927457972,-9214.778596654302
600009.0395491241,456338.8384280959,143670.20112102816
484997.9775932012,443742.1745507228,41255.803042478394
424981.1100595267,322364.2559533296,102616.85410619708
734981.0532709017,772202.3097647825,-37221.25649388088
330017.18241123157,454199.16403728916,-124181.98162605759
824968.1017303081,882741.7815920318,-57773.67986172368
664971.8580362194,614011.2124605685,50960.64557565085
580009.6382169717,597151.1375980839,-17141.499381112284
366736.9087237372,453145.3353177832,-86408.426594046
639984.9887611001,518544.1004552109,121440.88830588921
284702.4845119741,310013.51360122557,-25311.029089251475
257996.1651413317,342105.49321612593,-84109.32807479423
379989.9180867694,454199.16403728916,-74209.24595051975
213672.55385529005,343915.92268461495,-130243.3688293249
649982.0330316388,468523.453734661,181458.57929697784
208417.80044146188,209592.91088266685,-1175.1104412049754
755020.3639600973,657590.668110835,97429.6958492623
265003.9472127818,256804.91553030512,8199.031682476692
709985.623343134,853542.2334900819,-143556.6101469479
1010039.5030668841,714383.170903515,295656.33216336917
539986.8141491429,629124.3089274894,-89137.4947783465
434999.4301195662,410796.4845169052,24202.945602661
465003.4016876277,521432.027500385,-56428.625812757295
305987.64368351887,385147.54638940055,-79159.90270588169
470005.652401455,325013.18986022135,144992.46254123363
442501.88353617984,341475.53136263596,101026.35217354388
385193.0822914846,186159.93448515126,199033.14780633332
109996.07914467856,222076.23544450957,-112080.15629983101
840035.9772820559,1208552.199543321,-368516.22226126515
965016.0381233898,734888.8634276998,230127.17469569005
560004.4448992941,446060.22878947575,113944.21610981831
384885.05105457455,579765.7213415795,-194880.6702870049
687488.2379911466,571094.8116765685,116393.42631457816
210007.81010831188,428902.2054958759,-218894.39538756403
240001.39144624295,351327.947406483,-111326.55596024005
215001.4389762084,348264.9124834209,-133263.47350721253
554987.0171874947,500674.17731891706,54312.839868577605
404982.85019720223,240012.06832353608,164970.78187366616
655006.2129550765,683663.2514977676,-28657.038542691153
549025.4080380053,740351.0555162212,-191325.64747821586
525024.3912403609,411685.8895036409,113338.50173672003
262498.3302391841,379033.4916688572,-116535.16142967314
607981.6624199718,530731.5258713816,77250.13654859015
434999.4301195662,477299.5200041139,-42300.08988454769
979992.3063963796,896451.7135288968,83540.5928674828
570004.7653278012,535484.3500677117,34520.41526008956
444986.8454834047,379709.2173213855,65277.62816201919
500018.3116331437,372462.5316533949,127555.77997974877
355009.56082631194,374641.95170535886,-19632.39087904693
590013.088774859,538475.665228383,51537.42354647594
544977.615322981,511746.79245208454,33230.82287089649
600009.0395491241,454779.6740855026,145229.3654636215
309001.0642349489,375318.26237001026,-66317.19813506136
875018.2305176305,753386.5651735347,121631.66534409579
709985.623343134,769281.9090885862,-59296.285745452275
269952.1499858071,341016.9103527746,-71064.76036696753
467007.22143980063,444798.8965769176,22208.32486288302
550509.779639615,479345.81300020585,71163.96663940913
433479.5933799415,396103.2369754661,37376.3564044754
1400024.0877875367,1583589.5041707417,-183565.41638320498
362870.0281650504,489415.49996591895,-126545.47180086857
534988.2162849667,630092.5901660802,-95104.37388111348
259990.4035777104,380765.2035250956,-120774.79994738518
234990.41381084712,341724.67170811526,-106734.25789726814
577001.416253871,517302.55056359014,59698.865690280916
355009.56082631194,472869.34800092777,-117859.78717461583
429982.5906544442,482740.7420349889,-52758.1513805447
149896.44979684753,402695.5051912909,-252799.0553944434
236996.34546038418,369723.8386216081,-132727.49316122392
460008.386582422,413517.3989323991,46490.9876500229
195008.8068774212,350281.80772962625,-155273.00085220506
439986.7976045207,498079.0357537149,-58092.23814919422
429982.5906544442,512754.86479072424,-82772.27413628006
565010.729379228,466148.34119357663,98862.38818565133
739921.9598818694,576969.4255609268,162952.5343209426
528025.5755199252,469138.60985246836,58886.965667456854
399952.0724354963,448008.4371014299,-48056.364665933594
108999.65542851502,173811.5693041936,-64811.91387567858
414985.9735637159,580857.0405639138,-165871.0670001979
350004.04831045395,350889.57153930154,-885.5232288475963
179997.81663621942,263475.2326568541,-83477.41602063467
729927.140055311,914816.1980192886,-184889.05796397757
473023.3348603441,454684.2311097152,18339.103750628943
580009.6382169717,568190.4866751486,11819.151541823056
490019.2720364446,417400.7586990816,72618.51333736302
439019.8906374402,302115.0208273665,136904.8698100737
379989.9180867694,516478.2538438759,-136488.33575710648
919973.367282293,1032058.0092545048,-112084.64197221177
1321529.056104933,611836.5842413462,709692.4718635867
490019.2720364446,436968.3858915943,53050.886144850345
560004.4448992941,674388.5410079343,-114384.0961086402
226499.9492854722,332585.968501806,-106086.01921633384
953028.4163712176,732836.9089128128,220191.50745840475
598211.7097731377,584657.4925353914,13554.217237746343
525024.3912403609,483182.6579117412,41841.73332861974
570004.7653278012,453349.7289062994,116655.03642150183
639984.9887611001,651162.787881518,-11177.799120417912
163243.78892276852,228147.61775426636,-64903.82883149784
220996.02634524845,329344.37315441447,-108348.34680916602
549025.4080380053,439634.91561988875,109390.4924181166
600009.0395491241,360770.48721991526,239238.55232920882
147502.4404427921,332958.1355205828,-185455.69507779067
265003.9472127818,243618.42225115676,21385.52496162505
407012.8351815157,419352.378205203,-12339.543023687263
336011.27670359326,552436.0932283181,-216424.81652472488
525024.3912403609,431279.9258265704,93744.46541379049
962029.1205195162,1130280.5441613775,-168251.4236418613
539015.7121376827,618900.4881956211,-79884.77605793835
299000.3431407227,304123.71542127803,-5123.372280555312
605009.8391871555,435958.8082240133,169051.03096314217
500018.3116331437,684605.023704799,-184586.71207165532
252508.45189781958,354982.2121838897,-102473.76028607012
384000.8326780749,710085.795332079,-326084.96265400416
518502.4335067941,465281.502641265,53220.93086552911
339999.6951587399,401887.64110491716,-61887.945946177235
475014.21077960083,383318.7710881188,91695.43969148205
246989.22717923496,475822.20419006364,-228832.97701082868
605009.8391871555,520678.77496514085,84331.06422201463
958955.5476731899,975997.371798279,-17041.8241250891
178992.645967773,281164.93243565754,-102172.28646788455
375007.010708327,400838.64599519974,-25831.63528687274
554987.0171874947,507114.12199139805,47872.89519609662
858463.9786797864,956283.1987067215,-97819.2200269351
290308.66558063996,293210.693020013,-2902.0274393730215
429982.5906544442,436620.22426950507,-6637.633615060884
490019.2720364446,370455.70775343373,119563.5642830109
399992.0696425668,364403.9101214896,35588.15952107718
308013.84122863744,440343.6231500342,-132329.7819213968
574985.441311107,639399.2367991618,-64413.79548805475
588481.0472610616,489071.5378796477,99409.50938141393
460008.386582422,419047.89780487533,40960.48877754668
220003.77845885692,296699.1354562439,-76695.35699738696
299000.3431407227,307192.46699333616,-8192.12385261344
184001.64927462497,284226.6017957687,-100224.95252114374
274992.74651726685,366996.21993015375,-92003.4734128869
223999.7018926707,316006.02188123105,-92006.31998856034
539986.8141491429,417071.68711321603,122915.12703592691
744970.5750466443,916662.9768338356,-171692.40178719128
207005.3671143447,276683.05110642174,-69677.68399207704
320007.5921617715,396390.40828037047,-76382.81611859897
199406.35368115545,332384.4401042711,-132978.08642311566
486990.55128614063,395922.1657631659,91068.38552297471
479021.1356740153,462339.37610665464,16681.759567360685
1209962.5903150735,1030569.4915151405,179393.09879993298
334001.2451680692,249020.39937519556,84980.84579287365
475014.21077960083,348571.0541558172,126443.15662378364
360014.6485423943,424436.9861361443,-64422.33759375004
919973.367282293,734894.7809621197,185078.58632017334
449998.7122159163,436920.5254654341,13078.186750482186
299808.7349049867,311424.81310178916,-11616.078196802468
352004.7680200499,662214.0844408637,-310209.3164208138
484997.9775932012,614204.5257412551,-129206.54814805393
223999.7018926707,301736.85024775955,-77737.14835508884
652000.1037274774,458935.9382446499,193064.16548282746
444986.8454834047,658697.4258494301,-213710.58036602545
426983.2225556181,379560.3088492488,47422.91370636929
699975.0706260412,469633.5035347849,230341.56709125626
174992.78089041667,342485.991785575,-167493.21089515832
234990.41381084712,389827.67834847455,-154837.26453762743
439986.7976045207,347924.96746243915,92061.83014208154
350004.04831045395,335212.14678980253,14791.901520651416
850007.1158332613,655111.5372163068,194895.5786169545
499019.27438014245,382897.987685752,116121.28669439047
562024.0940882512,660685.9170677386,-98661.82297948736
699975.0706260412,531420.4597466835,168554.61087935767
484997.9775932012,658669.5765210509,-173671.59892784967
363015.20520978933,448032.1357212799,-85016.93051149056
739995.9557775905,667012.9372695518,72983.01850803872
600009.0395491241,469156.6466598424,130852.39288928168
714972.9580129466,646724.8645631383,68248.09344980831
348467.4135734125,462614.3348502563,-114146.92127684376
479980.13662664936,217274.03745413432,262706.09917251504
850007.1158332613,785417.9090715083,64589.206761752954
449953.71459461335,355477.0944856031,94476.62010901025
1244942.62191045,716811.0398825613,528131.5820278887
724980.473231278,776001.4100192635,-51020.9367879855
299988.67412229633,378307.9373389827,-78319.26321668638
870479.9454862843,740045.0441975123,130434.901288772
866051.7991355014,702698.8310374959,163352.9680980055
209944.81721468602,292669.7703680874,-82724.95315340138
769964.7395583643,488504.69314607244,281460.0464122918
439986.7976045207,317872.6088746862,122114.18872983451
734981.0532709017,621268.8844066743,113712.16886422737
600009.0395491241,591239.2978530127,8769.741696111392
229992.04491934925,429762.82903586247,-199770.7841165132
507270.66695873754,492982.6548402406,14288.012118496932
350004.04831045395,468273.86455559556,-118269.81624514161
431015.7882131504,362043.37008781446,68972.41812533594
465003.4016876277,549201.0528403756,-84197.65115274786
353910.73524737376,515340.273888678,-161429.53864130424
449998.7122159163,376237.9885763492,73760.72363956709
504993.0773774131,448278.38253203244,56714.69484538067
359008.0174676456,330384.1250886194,28623.89237902616
832592.8282284567,491931.14976149274,340661.67846696393
883017.2366937099,689793.7611281542,193223.47556555562
419995.8041119478,399709.1955239424,20286.608588005358
519021.19527795695,457968.02927213506,61053.1660058219
560004.4448992941,434478.50360404735,125525.94129524671
367507.86545329663,338722.9076345937,28784.95781870291
352497.9198209906,388374.00290845666,-35876.083087466075
424004.7767201303,487193.01645601133,-63188.23973588104
446993.7985457382,365407.9516832846,81585.84686245362
389999.2129395211,541729.9963706939,-151730.78343117278
414985.9735637159,342641.49452950567,72344.4790342102
451983.06893301633,649625.5827682752,-197642.51383525884
350004.04831045395,390181.34333528724,-40177.29502483329
474017.7276104994,349956.5512517591,124061.17635874031
324941.35536534374,419418.4562187421,-94477.10085339838
350004.04831045395,462422.9389753438,-112418.89066488983
350004.04831045395,404940.32129964954,-54936.2729891956
404982.85019720223,247599.151153409,157383.69904379323
649982.0330316388,441924.5729128753,208057.46011876356
719923.3305679632,514069.2192570042,205854.11131095898
677930.463192672,551455.2328749154,126475.23031775665
1037993.4162900057,1337690.3641612323,-299696.9478712266
773978.9841946953,900044.1060504625,-126065.12185576721
225009.9719539956,353125.617310156,-128115.64535616038
585019.2314809182,469168.07534345833,115851.15613745991
510017.33789744286,485868.900688597,24148.437208845862
274992.74651726685,431707.32013413054,-156714.5736168637
249995.9508216961,368352.0291586151,-118356.07833691899
274992.74651726685,451149.09605023003,-176156.34953296318
622998.879990552,452073.8403711924,170925.0396193596
356004.9805338756,230535.29304734626,125469.68748652932
614276.2349422195,522918.25875304313,91357.97618917632
418989.02280290506,475187.05696153623,-56198.03415863117
769964.7395583643,532304.2187116224,237660.52084674186
434999.4301195662,497720.23412134906,-62720.804001782846
682010.2731623146,951995.5743110363,-269985.3011487217
358004.2010175927,336524.2552109708,21479.945806621865
514988.5776090478,470998.90669359575,43989.670915452065
502977.1396313113,628265.052375405,-125287.91274409369
397519.79079473944,572193.417424118,-174673.6266293786
499918.317970516,482927.925238466,16990.39273204998
449953.71459461335,496777.25584392936,-46823.54124931601
229992.04491934925,352200.9291755299,-122208.88425618067
536005.6601615103,513610.44515920983,22395.21500230051
426983.2225556181,340949.2962616526,86033.92629396549
925047.1609447353,720063.1232830578,204984.03766167746
350004.04831045395,513621.1040501079,-163617.05573965394
449998.7122159163,383945.3713800693,66053.34083584702
699975.0706260412,658025.9528463107,41949.11777973047
594990.0727887946,522684.08739033976,72305.98539845488
699975.0706260412,455046.0469200604,244929.02370598074
1338954.9773193793,835167.8934381679,503787.08388121147
454203.2209009577,524848.1261765388,-70644.90527558106
463981.51868737454,701363.6143791175,-237382.09569174296
1049999.2417598825,754688.8650594307,295310.37670045183
309991.4514148582,506747.59896385326,-196756.14754899504
675021.6206943546,569019.4149566793,106002.20573767531
675021.6206943546,567708.903259601,107312.71743475366
570004.7653278012,557642.4863948795,12362.278932921705
272501.6641393,476223.94465604343,-203722.28051674343
243994.26502421568,328167.651323703,-84173.38629948732
289989.50162086176,393753.2095146056,-103763.70789374382
330017.18241123157,622000.0539089689,-291982.87149773736
274992.74651726685,335543.46292347956,-60550.71640621271
604707.4098811887,785366.7625125169,-180659.35263132828
1049999.2417598825,680319.3896450996,369679.8521147829
539986.8141491429,481291.6054797741,58695.20866936882
459962.3880437291,685424.0571508271,-225461.66910709802
314016.2452446384,489900.40807227744,-175884.16282763903
419995.8041119478,372956.14922346605,47039.65488848172
389999.2129395211,312684.53637218627,77314.67656733486
240001.39144624295,344578.71525319014,-104577.32380694718
465003.4016876277,363172.32939659816,101831.07229102956
388015.28028197825,512974.6419946552,-124959.36171267694
939966.9555894141,901900.2969862835,38066.65860313061
339999.6951587399,367144.45194145374,-27144.756782713812
679967.308322311,877761.1676705747,-197793.8593482637
455021.52294948127,374282.4018950493,80739.12105443195
210007.81010831188,196659.1818421013,13348.62826621058
379989.9180867694,327852.1720394795,52137.746047289926
319943.5970430645,506217.6032731178,-186274.00623005332
562980.3476334168,546448.0772374949,16532.270395921892
254511.16898451815,518306.05690263835,-263794.8879181202
345517.9933519261,460753.04488560755,-115235.05153368146
370015.4350123861,413589.7660031804,-43574.33099079429
884962.0130840725,691404.5742334381,193557.43885063438
375983.2975591002,501625.99202074273,-125642.69446164253
898965.5568648938,628789.7498912644,270175.8069736294
500018.3116331437,447890.88364522596,52127.427987917734
218010.8257626644,358019.83384352154,-140009.00808085714
1400024.0877875367,923739.0136496673,476285.0741378694
389999.2129395211,500573.87412924506,-110574.66118972393
449998.7122159163,451846.1725334726,-1847.4603175562806
679967.308322311,500732.93198337505,179234.37633893598
915018.9001994401,890105.7237283814,24913.17647105863
624995.6695659152,524752.7862659242,100242.88329999102
437005.03685706045,522916.00656066916,-85910.96970360872
350004.04831045395,520851.7281212002,-170847.67981074628
297300.8892297356,474085.7959339412,-176784.9067042056
863975.7670525712,934378.199010306,-70402.43195773487
254995.19988933546,350013.34362550365,-95018.14373616819
398514.83355692745,484212.28537196136,-85697.45181503391
1400024.0877875367,676410.3700873348,723613.7177002019
449998.7122159163,349326.4168862881,100672.29532962822
637493.9080697241,383039.54695455846,254454.36111516564
84999.44448665676,252352.13819406906,-167352.69370741228
1384985.1838982953,1293690.525429888,91294.65846840735
898965.5568648938,635210.669980772,263754.8868841218
629952.6898048212,565653.9960610387,64298.69374378247
1164963.134179354,640974.4106917238,523988.72348763014
293989.69656222925,326675.6785305677,-32685.981968338427
355009.56082631194,511574.2303484351,-156564.66952212318
398993.3384026822,241239.19791244913,157754.14049023308
334937.7591622761,440370.63377604,-105432.87461376388
739995.9557775905,782485.1464197673,-42489.19064217678
537025.0390190684,514305.2407983312,22719.79822073714
436480.9453306385,561555.5359244316,-125074.59059379314
1384985.1838982953,1255904.176142439,129081.00775585626
205007.12220900704,431748.71506701765,-226741.5928580106
664971.8580362194,411423.3824588336,253548.47557738575
306999.0708446207,281205.2364141745,25793.834430446208
264500.9177424022,321273.7010524018,-56772.78330999962
734026.1986916009,474144.30441794056,259881.89427366038
525024.3912403609,648997.8694343412,-123973.47819398029
257197.6154209653,430217.1750290835,-173019.5596081182
253191.14594016448,243485.25072461012,9705.895215554367
500018.3116331437,469369.0248213062,30649.28681183752
1205011.89954595,1249452.0327397916,-44440.13319384167
936027.3732899509,729547.896777158,206479.47651279287
585019.2314809182,540802.8542703432,44216.37721057504
299958.6767547775,356097.75051685836,-56139.073762080865
379951.9209948471,314928.30629067495,65023.61470417213
339999.6951587399,443251.9805016775,-103252.28534293757
531522.070058067,605629.1582771705,-74107.08821910352
529982.8889462198,418923.3442383984,111059.54470782139
200005.4709687925,251187.38115529277,-51181.91018650026
460008.386582422,336298.6773105657,123709.70927185629
544977.615322981,719097.1905126931,-174119.5751897121
699975.0706260412,509647.80369699147,190327.26692904969
436001.08026494767,465531.3916436298,-29530.31137868215
489970.27255925577,565899.2091401487,-75928.93658089294
289989.50162086176,296450.93070058606,-6461.429079724301
372204.9788818755,360677.9851614022,11526.993720473314
215001.4389762084,325528.00256275723,-110526.56358654884
577520.9512841954,630751.1130746352,-53230.16179043974
308013.84122863744,405716.5183237378,-97702.67709510034
550014.5437275284,326265.41035723063,223749.1333702978
982248.8827691459,732282.2046044923,249966.6781646536
824968.1017303081,802940.6022533368,22027.499476971338
335004.7534133102,380009.0468013838,-45004.293388073565
529982.8889462198,651821.3772175119,-121838.48827129207
388986.5320415222,359320.7212888977,29665.81075262453
1314937.9024401335,936347.7194314076,378590.1830087259
385000.53389145073,373280.41590727476,11720.117984175973
329951.18557465315,491896.37936684006,-161945.1937921869
1099977.1886910698,1088648.553760434,11328.634930635802
1019986.5511230009,1109521.758961088,-89535.20783808711
850007.1158332613,622766.7642341265,227240.35159913474
695022.8488154652,576411.9464329648,118610.90238250047
574985.441311107,506817.8502960961,68167.5910150109
659475.4333310669,530326.7215334107,129148.71179765614
398993.3384026822,354113.3349625547,44880.00344012753
1595025.0509459977,1030478.8987273333,564546.1522186644
685017.7299170608,460540.1114895373,224477.61842752353
855036.981329096,681064.7437378402,173972.2375912558
657499.9717051085,282520.38834135956,374979.58336374897
534988.2162849667,470373.11776531395,64615.09851965273
525024.3912403609,348170.12008150935,176854.27115885157
925047.1609447353,903992.0495483491,21055.11139638617
474966.7117335149,339135.3092573258,135831.40247618913
565010.729379228,426187.01669276226,138823.7126864657
424896.1223365705,586539.7096445723,-161643.58730800182
475014.21077960083,429583.1035907185,45431.107188882306
389999.2129395211,409029.798981588,-19030.58604206686
257996.1651413317,520742.67298665113,-262746.50784531946
449998.7122159163,489097.20810979913,-39098.49589388282
814964.6361055204,355447.690014832,459516.9460906884
332501.6162604778,395880.4021126257,-63378.78585214791
325006.350135677,383450.9691190769,-58444.61898339988
709985.623343134,533487.2530450923,176498.3702980416
267988.67469518003,328233.556376719,-60244.881681538944
760248.0191410908,488447.6170364136,271800.4021046772
802028.9632703565,871725.3361794805,-69696.37290912401
756002.5287020066,502733.7333854296,253268.79531657696
266998.9487209722,418875.57168215193,-151876.6229611797
167996.76462240776,310486.88912356354,-142490.12450115578
657499.9717051085,665138.7076885635,-7638.735983454972
639984.9887611001,463897.91366946837,176087.07509163173
350004.04831045395,385854.74578825367,-35850.697477799724
925047.1609447353,702298.9198284802,222748.24111625506
283991.6172550083,359042.02494360995,-75050.40768860164
261502.72942386364,518479.2050030102,-256976.4755791466
691971.466245227,763413.8032289878,-71442.33698376082
869957.8141740499,846462.7737858831,23495.040388166788
271957.20545119606,344699.1179865985,-72741.91253540246
835010.8518699668,668159.1035664898,166851.74830347707
979992.3063963796,699171.8018429048,280820.50455347484
444986.8454834047,484756.1967915121,-39769.351308107376
975007.0687951403,884244.4563218462,90762.61247329402
292494.16595437296,453408.61958849296,-160914.45363412
719995.3265007565,548690.3042020117,171305.02229874488
1096462.8875679255,1198658.4839281994,-102195.59636027389
249496.45857879287,332625.14140167064,-83128.68282287777
305010.0482107029,308226.1864677848,-3216.1382570819114
589010.918609937,497056.0099925082,91954.90861742874
309991.4514148582,387124.2109297877,-77132.7595149295
218010.8257626644,272145.93020638824,-54135.10444372383
1387064.220561821,1557347.7410469016,-170283.52048508055
274992.74651726685,307865.29787799844,-32872.551360731595
456982.32820819743,531734.8369606504,-74752.50875245297
592496.3549562936,607035.7307087193,-14539.375752425753
470005.652401455,581755.7435703286,-111750.0911688736
302005.3465475105,479149.3568760884,-177144.01032857795
691003.3840081695,884984.9452530512,-193981.5612448817
550014.5437275284,420507.7596342735,129506.78409325494
254995.19988933546,411543.9434837252,-156548.74359438973
649982.0330316388,656903.5018999386,-6921.468868299737
229946.05110989933,359285.84779998823,-129339.7966900889
419995.8041119478,307617.75033922336,112378.05377272441
760019.978943089,350531.2937247842,409488.6852183048
934530.9269689858,1184573.8184948876,-250042.89152590174
460008.386582422,405716.02570239705,54292.360880024964
414985.9735637159,491592.2405104925,-76606.26694677665
236996.34546038418,340913.26779109467,-103916.92233071048
429982.5906544442,299820.44180084293,130162.14885360125
525024.3912403609,392635.20843806467,132389.18280229624
321001.1549240765,343804.3650009328,-22803.21007685631
375007.010708327,338259.305509337,36747.70519899001
1049999.2417598825,578188.2182656311,471811.0234942514
234005.52378967372,400017.3361205375,-166011.81233086376
484997.9775932012,713896.5229516752,-228898.54535847402
439986.7976045207,539534.6900875388,-99547.8924830181
962029.1205195162,587493.4681486107,374535.6523709055
551005.4614646533,476308.6460881551,74696.81537649815
514988.5776090478,683103.7578158546,-168115.1802068068
196005.89219888436,210993.57831998094,-14987.686121096573
629008.4691126744,560244.8475509587,68763.62156171561
399992.0696425668,399425.11335838935,566.9562841774314
332501.6162604778,352998.9483592305,-20497.332098752668
561013.3606518835,520673.12999904907,40340.23065283446
1024996.7501866395,1476073.3301283477,-451076.57994170825
419995.8041119478,1148488.8153544224,-728493.0112424747
259990.4035777104,370249.190205445,-110258.78662773457
283991.6172550083,289243.90451566904,-5252.287260660727
456206.1182156737,396298.5965081822,59907.52170749154
714972.9580129466,648049.6589395743,66923.29907337239
499019.27438014245,473708.6729423393,25310.601437803125
352004.7680200499,354583.88534024876,-2579.1173201988568
861990.9062532622,730483.9865092413,131506.9197440209
305010.0482107029,315927.40047123784,-10917.352260534943
320007.5921617715,358048.93252263806,-38041.34036086657
574985.441311107,527141.1253267087,47844.31598439836
979992.3063963796,704779.6317437286,275212.67465265095
561013.3606518835,709143.0374054178,-148129.67675353424
335004.7534133102,299818.41945546726,35186.33395784296
536005.6601615103,420437.89446304797,115567.76569846238
378019.0990830386,388858.78190751653,-10839.682824477903
715974.6211547593,584967.8920961287,131006.72905863065
764976.1990716234,779253.4039659458,-14277.204894322436
329951.18557465315,418062.6153445087,-88111.42976985557
470005.652401455,501276.7046680392,-31271.052266584244
438011.30520683737,359070.21938089025,78941.08582594711
289583.8003757286,318680.73165814613,-29096.931282417558
229900.0664982919,290138.2121188798,-60238.145620587864
725996.1567063396,796244.9870369019,-70248.83033056231
855036.981329096,401597.1220366213,453439.8592924747
522510.31277774554,437484.338729621,85025.97404812451
494993.5444744353,339446.18099874095,155547.36347569432
356717.70297981537,373294.13310342305,-16576.430123607686
585019.2314809182,631307.393079204,-46288.16159828578
713901.3025184835,881002.8365726225,-167101.53405413905
1127034.0437784812,742477.6242221325,384556.4195563487
299000.3431407227,368969.8850291685,-69969.54188844579
270006.14581520704,352862.69505320996,-82856.54923800292
600009.0395491241,435396.0202181608,164613.01933096326
919973.367282293,640261.3108358971,279712.05644639593
396685.8751519592,363999.5895518474,32686.28560011176
1599977.3006250064,966455.1959496805,633522.1046753259
355009.56082631194,495147.3767243094,-140137.81589799747
251701.71631709006,357597.45734708384,-105895.74102999378
249945.95663111762,357003.6760712077,-107057.71944009006
350004.04831045395,509235.04524909065,-159230.9969386367
205007.12220900704,153818.02989599947,51189.09231300757
701025.8210978184,742660.1548123668,-41634.33371454838
229992.04491934925,366483.805124446,-136491.76020509674
477013.4659618541,525747.6484383652,-48734.18247651111
314204.7115260157,221846.3027250753,92358.40880094041
379951.9209948471,489183.2933803437,-109231.37238549662
234990.41381084712,365064.16856770095,-130073.75475685383
439986.7976045207,318128.97481143527,121857.82279308542
387007.75090900436,395695.5814570492,-8687.830548044818
234990.41381084712,370453.9251861603,-135463.5113753132
479980.13662664936,510962.72085772635,-30982.584231076995
609991.3160106216,661341.7694687904,-51350.45345816878
429982.5906544442,540894.8130895784,-110912.22243513423
846444.5725246461,751966.0935633039,94478.47896134213
287506.2850430796,546568.8547719326,-259062.569728853
302005.3465475105,350511.43408559234,-48506.08753808186
358004.2010175927,240925.4480027721,117078.7530148206
574985.441311107,614635.0670619382,-39649.62575083121
465748.00265225134,663502.9421853853,-197754.93953313393
877998.3558435903,747113.437544605,130884.91829898534
655006.2129550765,639836.1898230489,15170.023132027593
334937.7591622761,393476.83899557765,-58539.07983330154
520008.2729758518,371445.1000525514,148563.17292330036
414985.9735637159,611552.4741942968,-196566.50063058088
675021.6206943546,692047.5530220679,-17025.932327713235
439986.7976045207,420930.25055463077,19056.547049889923
449908.72147284757,439181.95266858896,10726.768804258609
244996.69508820938,357017.5648254153,-112020.86973720594
436001.08026494767,603952.3766859202,-167951.2964209725
398993.3384026822,447801.98725604557,-48808.64885336335
271115.4435194025,272016.3571976617,-900.9136782591813
580009.6382169717,696820.178503982,-116810.54028701037
444986.8454834047,375786.61447521846,69200.23100818624
299988.67412229633,376709.90809799917,-76721.23397570284
314991.2060133072,247253.82578568842,67737.38022761879
365017.28952338774,445709.98018650553,-80692.6906631178
385000.53389145073,359099.2022652583,25901.331626192434
378965.329125471,437983.4034242795,-59018.07429880847
543019.2231288305,529896.8318309956,13122.391297834925
309991.4514148582,412314.8116375121,-102323.3602226539
434999.4301195662,681410.4576786805,-246411.02755911433
399992.0696425668,489949.4790717334,-89957.40942916664
272011.6023317929,305908.20237161237,-33896.60003981949
199945.47832684824,294735.80309361836,-94790.32476677012
229992.04491934925,304959.84447914327,-74967.79955979402
800026.3951153775,779723.0096366062,20303.38547877129
449998.7122159163,447980.01168622554,2018.7005296907737
409994.9001727164,311832.00611044094,98162.89406227547
537025.0390190684,363983.3061421437,173041.73287692468
504993.0773774131,316177.56202229013,188815.51535512297
350004.04831045395,413040.966838796,-63036.91852834204
297985.4682390395,531650.9378463322,-233665.46960729273
678948.1219407112,758701.0824640731,-79752.96052336192
860010.6053878575,1119816.624676021,-259806.01928816352
451983.06893301633,329377.1031381232,122605.96579489316
880020.0761491403,677341.701960014,202678.3741891263
165992.85097572496,263524.10308801493,-97531.25211228998
220003.77845885692,509550.93482340546,-289547.15636454854
536005.6601615103,395148.2696673862,140857.39049412415
580009.6382169717,535168.4386800575,44841.19953691412
339897.7105486483,336948.7141013559,2948.9964472924476
444942.3490237157,382003.1887606753,62939.160263040394
234005.52378967372,209340.174160944,24665.349628729717
210007.81010831188,317373.4448987861,-107365.6347904742
442015.3990797952,494704.9177123644,-52689.518632569176
689967.6559224206,377070.20048650843,312897.4554359121
1034987.5959288668,834154.7053883229,200832.89054054383
259004.31479938715,298019.077453037,-39014.76265364987
399952.0724354963,340766.7461459219,59185.32628957444
274992.74651726685,246406.7353581651,28586.011159101734
520008.2729758518,372668.7156653363,147339.5573105155
289989.50162086176,368268.23160111177,-78278.72998025
560004.4448992941,627227.5771472106,-67223.13224791654
587011.6821146365,607118.2931645794,-20106.611049942905
418989.02280290506,532132.9875542969,-113143.96475139179
370015.4350123861,729984.4386322001,-359969.003619814
525024.3912403609,663201.1084708608,-138176.71723049984
200005.4709687925,193962.42096302504,6043.050005767465
509966.338713654,453023.4756707056,56942.86304294842
292991.82893017086,345087.61892014643,-52095.78998997557
326994.94792846614,382357.1716718869,-55362.22374342079
454294.0706298078,430115.6108549788,24178.45977482898
660003.2247661569,634501.7574602294,25501.46730592742
1225059.5340444252,670913.2562221789,554146.2778222463
444986.8454834047,328408.7375404827,116578.10794292198
449998.7122159163,683797.232829654,-233798.5206137377
244996.69508820938,317706.37494635885,-72709.67985814947
359942.65281249833,313926.3161844642,46016.33662803413
397957.30315229413,517841.3697975418,-119884.06664524769
265003.9472127818,323455.9821675118,-58452.034954729956
534988.2162849667,501042.69944369135,33945.51684127533
1294972.4775075414,1187135.0922578103,107837.38524973113
379989.9180867694,477721.3606959689,-97731.4426091995
1202484.0297491816,887364.1234539452,315119.90629523643
467100.63222485554,350821.78150758846,116278.85071726708
325006.350135677,472422.7897484438,-147416.4396127668
658091.9880470358,639831.5100593832,18260.477987652528
475014.21077960083,347215.27971179615,127798.93106780469
499019.27438014245,663470.4601642222,-164451.18578407972
307490.6625264446,292233.34308492264,15257.319441521948
330017.18241123157,396966.5915670217,-66949.40915579011
639473.2055106866,506374.5565433635,133098.64896732313
404982.85019720223,481172.6696344686,-76189.81943726639
1119956.0483985783,1216730.2461102316,-96774.19771165331
240001.39144624295,444364.1355402507,-204362.74409400774
664971.8580362194,431071.2382406594,233900.61979555996
590013.088774859,611055.7415944173,-21042.65281955828
652521.912506141,458652.6081246589,193869.30438148213
439986.7976045207,464237.7301714327,-24250.93256691203
749978.6361699108,751405.9719291683,-1427.3357592575485
215992.72380263475,284734.1768563418,-68741.45305370702
291997.34828691825,348310.8581205555,-56313.509833637276
283991.6172550083,380775.33850844216,-96783.72125343385
270006.14581520704,356995.40413955797,-86989.25832435093
434999.4301195662,470122.1915595314,-35122.761439965165
339999.6951587399,336247.20351789147,3752.491640848457
924030.1685160777,819628.5849282206,104401.58358785708
349899.0628445677,483087.8335521487,-133188.77070758102
600009.0395491241,491354.05306342785,108654.98648569622
318985.2045594549,374019.88511959225,-55034.68056013732
620015.6508443463,535568.0738650343,84447.576979312
429939.5945452194,500670.03278506314,-70730.43823984376
500018.3116331437,464800.46395095455,35217.84768218914
689967.6559224206,422868.4788548076,267099.17706761294
379913.92770244397,430545.2525653746,-50631.32486293063
525024.3912403609,546267.4478001491,-21243.05655978818
550014.5437275284,519340.39828116295,30674.145446365466
760019.978943089,736198.9559170507,23821.02302603831
279903.44964781514,359237.3729346311,-79333.92328681593
550014.5437275284,424384.96329318243,125629.58043434599
345000.10487535974,319605.861289321,25394.243586038763
570004.7653278012,507785.55223219795,62219.21309560328
975007.0687951403,1405412.046172201,-430404.9773770607
328995.7132409971,501772.16839557857,-172776.45515458146
896003.8600147823,687649.9313946186,208353.9286201637
590013.088774859,680631.4497378203,-90618.36096296133
299958.6767547775,300025.5442208716,-66.86746609408874
552495.1864343095,437011.41996417637,115483.7664701331
279987.4332796247,305075.6013661621,-25088.16808653745
537239.8920024084,549019.0528904707,-11779.160888062324
434999.4301195662,413936.9548377158,21062.475281850435
352497.9198209906,401484.3377473325,-48986.417926341936
749978.6361699108,878078.963087482,-128100.32691757125
456023.67226001166,475565.649113255,-19541.976853243366
718484.92279407,662629.2180179354,55855.704776134575
339897.7105486483,297968.6390787335,41929.07146991481
399992.0696425668,364847.04479662486,35145.02484594192
800026.3951153775,1050056.2817854097,-250029.88667003217
305010.0482107029,307724.47179708973,-2714.423586386838
161006.49745248226,392242.99457569694,-231236.49712321468
279987.4332796247,267899.8618590177,12087.571420606982
179997.81663621942,276177.90233371645,-96180.08569749704
407012.8351815157,488101.2242416001,-81088.38906008436
605009.8391871555,643350.4198346107,-38340.58064745518
557490.0864467438,660346.341508975,-102856.25506223121
399992.0696425668,315383.317737966,84608.75190460077
120006.35755670257,276548.59401891025,-156542.2364622077
449998.7122159163,448212.07526808424,1786.6369478320703
345000.10487535974,320681.0621298486,24319.042745511164
249995.9508216961,326238.0460402949,-76242.09521859881
514988.5776090478,572667.3112168548,-57678.73360780702
265003.9472127818,391361.6098491449,-126357.66263636306
709985.623343134,709816.8559011449,168.76744198903907
274992.74651726685,331607.11166716635,-56614.3651498995
600009.0395491241,663148.8651042093,-63139.825555085205
249995.9508216961,235642.00387779446,14353.946943901654
910000.1105713466,840344.1160468493,69655.9945244973
335004.7534133102,330853.9714862073,4150.781927102944
869957.8141740499,1111102.0260262822,-241144.21185223234
500018.3116331437,566787.5436703328,-66769.23203718907
619024.4189999338,601110.9955996365,17913.423400297295
399992.0696425668,489852.01310795406,-89859.94346538727
299000.3431407227,364246.91255203873,-65246.56941131601
306508.26508058526,323080.02827434224,-16571.763193756982
1377939.740611788,1189201.9105978124,188737.8300139755
949983.5997436772,731248.1674974685,218735.43224620866
299000.3431407227,410939.3599338062,-111939.01679308346
585019.2314809182,625008.3801822985,-39989.14870138024
749978.6361699108,477144.9318032904,272833.7043666204
122002.88854091683,239069.59611040718,-117066.70756949035
1125007.2071998452,861327.0299078716,263680.1772919736
372018.9229103041,469345.9962822925,-97327.07337198837
299000.3431407227,325115.9480829922,-26115.604942269507
850007.1158332613,777845.5554186779,72161.56041458342
601992.3400255771,440576.6836864021,161415.656339175
348502.2620571649,436488.44655082235,-87986.18449365743
600609.3486932191,550805.6564701478,49803.69222307135
200005.4709687925,332202.29059501906,-132196.81962622656
274992.74651726685,366293.31578960444,-91300.5692723376
1105048.7393828086,1265519.3165347225,-160470.5771519139
457988.7960389265,527142.8070330259,-69154.01099409937
446993.7985457382,286304.9984876492,160688.80005808902
941001.4881291433,774990.7079644405,166010.7801647028
364798.344839647,528726.3241467047,-163927.97930705774
659013.9620615228,650175.4762281297,8838.48583339306
299988.67412229633,316292.45061006036,-16303.77648776403
812523.4058734743,710700.109599646,101823.29627382837
1484962.385101278,1386443.841052964,98518.54404831398
455021.52294948127,436886.3304423572,18135.19250712404
539986.8141491429,440221.8166943516,99764.99745479133
719995.3265007565,702013.8213579447,17981.505142811802
244996.69508820938,326913.1314552641,-81916.43636705473
190003.9233234075,158780.27076849173,31223.65255491578
328010.2051026126,631508.1208409219,-303497.91573830927
220996.02634524845,310280.7552681759,-89284.72892292746
159995.3449931631,231913.70387183354,-71918.35887867043
365236.36561335594,329429.3182051175,35807.04740823846
270006.14581520704,473051.13891686,-203044.99310165294
528976.877470765,407782.53668862995,121194.34078213508
714972.9580129466,709650.955238466,5322.002774480614
242146.93734700038,361108.44163524423,-118961.50428824386
179997.81663621942,401670.560208458,-221672.74357223857
1099977.1886910698,452743.66189595027,647233.5267951195
320007.5921617715,392612.2488650168,-72604.6567032453
624995.6695659152,509481.21298538556,115514.45658052969
409994.9001727164,440629.8967958153,-30634.99662309891
482000.292558309,396162.9966596438,85837.29589866521
675021.6206943546,665735.5570817867,9286.06361256796
489480.5471901918,447312.39313593396,42168.154054257844
1150031.6250444886,764464.5358490569,385567.0891954317
237946.2293434803,337017.34451471956,-99071.11517123925
975007.0687951403,1057620.9468362776,-82613.87804113736
345000.10487535974,362111.31681850925,-17111.21194314951
249995.9508216961,257136.4442676391,-7140.493445942993
385000.53389145073,387670.1773769461,-2669.643485495355
490019.2720364446,773594.1545031936,-283574.88246674894
385000.53389145073,299936.643560029,85063.89033142175
350004.04831045395,427232.235084965,-77228.18677451106
539986.8141491429,332938.745402319,207048.06874682393
270006.14581520704,331693.7176411617,-61687.571825954656
519021.19527795695,634359.5328670173,-115338.33758906036
795002.0720617075,748112.0291005734,46890.04296113411
354016.92439552414,407180.8503316264,-53163.925936102285
508998.32257664023,596385.9701590386,-87387.64758239832
283707.767586242,243328.3815118022,40379.3860744398
225009.9719539956,329610.3937052647,-104600.42175126911
370015.4350123861,356903.1499989194,13112.285013466724
585019.2314809182,727324.6832410679,-142305.45176014968
233001.46032093017,421010.0210446737,-188008.56072374352
689967.6559224206,418365.32952403807,271602.3263983825
434999.4301195662,411565.6765070346,23433.75361253164
339999.6951587399,463477.83573234634,-123478.14057360642
780039.6260472154,689663.12593665,90376.50011056545
301010.3715156461,398745.5104485192,-97735.13893287309
539015.7121376827,414962.1943600369,124053.51777764579
669977.8961486298,636972.7298008164,33005.16634781344
834509.9956307436,828369.7792180903,6140.216412653215
655006.2129550765,530677.1384180518,124329.07453702472
1000989.9316949797,617599.4682083592,383390.46348662046
247805.63796583196,350208.5541097475,-102402.91614391556
875018.2305176305,770964.0881349613,104054.14238266915
994007.4693031845,847555.4114213921,146452.05788179243
760019.978943089,812309.0174415954,-52289.038498506416
664971.8580362194,672031.1496121371,-7059.291575917741
190003.9233234075,327299.6322772029,-137295.7089537954
552495.1864343095,422053.5817024287,130441.60473188077
698995.7911827238,870756.0553502779,-171760.2641675541
1074966.4395141818,819958.2012638303,255008.2382503515
306937.6771700235,196773.2978819863,110164.37928803719
529982.8889462198,364712.0626049581,165270.82634126174
375007.010708327,419596.6818258754,-44589.67111754842
335004.7534133102,293854.51438996015,41150.23902335006
358004.2010175927,454284.99991154124,-96280.79889394855
281700.5763969703,365544.1159919385,-83843.5395949682
339015.1243604569,366768.2724524437,-27753.148091986834
639984.9887611001,573915.8457116291,66069.14304947096
249995.9508216961,313017.43369377445,-63021.48287207834
454021.5759440103,321532.20077120326,132489.37517280702
274992.74651726685,355887.40038609813,-80894.65386883129
399992.0696425668,513410.70057932276,-113418.63093675597
372987.4306243062,319874.0331030155,53113.397521290695
419995.8041119478,390469.4171874583,29526.38692448946
314991.2060133072,385323.7168396639,-70332.51082635671
193010.52498477697,324944.21140724793,-131933.68642247096
534988.2162849667,489829.2268942928,45158.98939067387
850007.1158332613,649963.0442281495,200044.07160511182
449998.7122159163,783551.2193251117,-333552.5071091954
730000.1364190738,501942.74169289344,228057.39472618036
577001.416253871,521226.8553995062,55774.56085436483
381017.27717625425,331790.52754457784,49226.749631676415
439986.7976045207,577910.3610185176,-137923.56341399695
279009.19018718053,414724.26092633355,-135715.07073915302
289989.50162086176,321683.137570101,-31693.63594923925
339999.6951587399,287671.352141198,52328.34301754192
649982.0330316388,333612.58097500686,316369.45205663197
484997.9775932012,410665.06517788983,74332.91241531138
409994.9001727164,638121.3359515022,-228126.4357787858
553988.9390963207,485781.6828181788,68207.25627814187
1425025.1205704515,1482671.0222218023,-57645.90165135078
760019.978943089,658272.6670624265,101747.31188066257
787879.1546212616,694403.5320992486,93475.62252201303
752909.2638604013,625957.2573800976,126952.00648030371
798028.8271279735,940670.8678581455,-142642.04073017195
460008.386582422,273464.3267285402,186544.05985388183
714972.9580129466,641712.1503791143,73260.80763383233
539015.7121376827,339875.8534438652,199139.8586938175
314991.2060133072,546762.9035307748,-231771.69751746755
568013.2358587447,413977.3647214404,154035.8711373043
199007.93952075846,312763.25800999574,-113755.31848923728
709985.623343134,539109.6790656804,170875.9442774536
860010.6053878575,968216.2022347269,-108205.59684686933
585019.2314809182,478943.88857050374,106075.3429104145
375007.010708327,521693.75684596895,-146686.74613764195
159995.3449931631,303757.284532309,-143761.93953914588
355009.56082631194,353733.38802194025,1276.1728043716867
352991.76251796697,450024.13474167313,-97032.37222370616
369497.7758493338,326000.4850188767,43497.29083045712
360014.6485423943,320857.79650724964,39156.852035144635
279009.19018718053,485641.6590370514,-206632.46884987084
484997.9775932012,390498.0551443527,94499.92244884849
951029.1566542683,816002.6488083345,135026.50784593378
249945.95663111762,337905.8285838675,-87959.8719527499
399992.0696425668,454470.4272745201,-54478.35763195332
371015.82660783525,404888.9557187688,-33873.12911093357
432008.26543733146,469774.7109985198,-37766.44556118833
628002.8602637033,364202.813873072,263800.0463906313
644996.3907333472,653911.1851113985,-8914.794378051301
225009.9719539956,254506.36620940894,-29496.394255413325
424981.1100595267,327710.52483217674,97270.58522734995
744970.5750466443,596620.78993853,148349.78510811436
183744.2272031361,360635.39336691506,-176891.16616377895
470005.652401455,397266.05238324864,72739.60001820634
249995.9508216961,372161.170221065,-122165.21939936889
234005.52378967372,324995.5399815812,-90990.01619190749
514988.5776090478,390221.24871377036,124767.32889527746
370015.4350123861,432304.9528600677,-62289.51784768159
252356.9922691132,347983.6469352111,-95626.6546660979
944962.0056441089,935307.1871083323,9654.818535776576
248997.96432205703,475279.68837873463,-226281.7240566776
234990.41381084712,351537.54757502466,-116547.13376417753
546997.7674765028,361912.75804501923,185085.00943148357
346937.525176382,381868.71762757475,-34931.192451192765
294990.9627184533,384102.443128738,-89111.48041028471
325006.350135677,329435.625309304,-4429.2751736269565
774985.8111698879,507563.2531503527,267422.5580195352
350004.04831045395,318981.4377127426,31022.610597711348
379989.9180867694,322819.6903603521,57170.2277264173
1280549.7040565251,694761.752893193,585787.9511633321
267506.7289620141,279842.44295077573,-12335.71398876165
734981.0532709017,732175.9326154483,2805.1206554534147
279987.4332796247,292835.35834794,-12847.925068315351
455021.52294948127,292764.3956861183,162257.12726336299
820033.1128914005,744118.1233459277,75914.98954547278
313012.99930945504,357070.4612046682,-44057.46189521317
523975.39180697966,477954.2850749483,46021.10673203139
760019.978943089,695871.3264648239,64148.65247826511
679016.0201477588,468847.7200187512,210168.30012900755
443520.80918363127,382961.1570544745,60559.65212915675
82002.08887440168,232746.7296787775,-150744.6408043758
236996.34546038418,298994.8792824612,-61998.533822077006
457988.7960389265,485559.81580170896,-27571.01976278244
724980.473231278,521350.93307205813,203629.54015921988
224942.47908684582,382355.61815346254,-157413.1390666167
810008.4834590409,643395.0440679181,166613.43939112278
744970.5750466443,462177.8379352126,282792.7371114317
259004.31479938715,361688.52982074243,-102684.21502135528
289989.50162086176,330218.6263413392,-40229.12472047744
800026.3951153775,622024.7335672964,178001.6615480811
404982.85019720223,397101.83342221176,7881.0167749904795
270006.14581520704,334977.3947568796,-64971.24894167256
289989.50162086176,310653.93865475303,-20664.43703389127
350004.04831045395,667242.1643254701,-317238.11601501616
532000.6552521519,460529.69857213553,71470.95668001636
749528.7839573692,625847.649090772,123681.13486659713
460008.386582422,621544.0939993301,-161535.70741690806
565010.729379228,639462.6359974548,-74451.90661822679
620015.6508443463,498477.8549103669,121537.79593397939
265003.9472127818,364730.99104680785,-99727.04383402603
568979.679604136,480412.5031048665,88567.17649926955
268498.3372031602,433071.7507269317,-164573.4135237715
445699.3943232395,427703.55871082866,17995.835612410854
376962.126058396,518859.44790518767,-141897.32184679166
363996.67064595467,432839.5252955157,-68842.85464956105
365017.28952338774,329876.3764555714,35140.91306781635
296499.25951591926,366853.36200180964,-70354.10248589038
577001.416253871,384277.97010895266,192723.4461449184
572117.6894586626,711749.5981719771,-139631.90871331445
925047.1609447353,641536.0677610823,283511.09318365296
465003.4016876277,677373.1026246811,-212369.70093705336
699975.0706260412,526994.3468775536,172980.72374848754
236003.04819385704,339579.8234344494,-103576.77524059234
382506.1459642374,312789.03687851114,69717.10908572626
299898.6910182003,293077.04212281544,6821.64889538486
437486.0068826192,382183.659802404,55302.34708021517
369017.74083109625,425459.3836956937,-56441.64286459744
449998.7122159163,309536.58039866755,140462.13181724877
266998.9487209722,311029.26063733373,-44030.311916361505
284987.32939519046,369737.91106675746,-84750.581671567
620015.6508443463,500001.98592927743,120013.66491506883
603982.1962045623,441126.9957778702,162855.20042669214
714972.9580129466,601201.1859240868,113771.77208885981
566028.6645589295,494544.7642563096,71483.9003026199
554987.0171874947,895992.9848666075,-341005.9676791128
800026.3951153775,680316.3005429587,119710.09457241884
1015000.8419854533,952802.3191887068,62198.52279674646
550014.5437275284,348962.5098779826,201052.0338495458
327485.80840367894,443643.42835043196,-116157.61994675302
590013.088774859,565955.2860336179,24057.80274124106
242995.9365095631,264175.639640878,-21179.70313131492
305987.64368351887,403566.87619206746,-97579.2325085486
499968.31230198784,526963.8782446876,-26995.56594269973
851538.506479867,615197.4224281077,236341.08405175933
537025.0390190684,568074.6242122181,-31049.585193149745
968109.0356019926,552937.9151552637,415171.1204467289
510017.33789744286,519612.136611493,-9594.79871405015
899145.3679567762,530736.9036748756,368408.46428190055
542530.7256848381,519169.2691640338,23361.45652080432
1049999.2417598825,1247135.758319179,-197136.51655929652
401997.0382352448,374465.0881143845,27531.950120860303
1380008.2011802958,1591881.7459749286,-211873.54479463282
512522.55562404904,663800.4919545721,-151277.9363305231
615013.8088800033,444793.5758903702,170220.2329896331
490019.2720364446,462034.5950715616,27984.676964883052
685017.7299170608,511909.0918169889,173108.63810007193
393013.79813761974,486294.8383011264,-93281.04016350664
1142009.5138154067,715938.0866096121,426071.4272057946
335004.7534133102,347006.90350753895,-12002.150094228738
369497.7758493338,319238.75823446666,50259.01761486713
624995.6695659152,586749.488986034,38246.1805798813
1475046.3927893906,999417.8043700965,475628.5884192941
699975.0706260412,525427.5928455973,174547.47778044385
514988.5776090478,395415.7357363866,119572.8418726612
494993.5444744353,655953.0718889403,-160959.52741450502
460008.386582422,452697.38803351443,7310.998548907577
593563.8088154764,568713.1110969154,24850.69771856093
598810.2206884923,252442.53181772958,346367.6888707627
848987.7190546555,818197.0903120039,30790.628742651665
517984.19023810886,627529.0910408624,-109544.90080275352
389999.2129395211,441155.16289168585,-51155.94995216472
780039.6260472154,846525.0915126475,-66485.46546543203
262997.5511763468,473266.43671170145,-210268.88553535467
104998.35895315977,224251.8193804796,-119253.46042731983
554654.1248548694,384393.9177652581,170260.20708961133
332003.23771344335,287470.7787887034,44532.45892473997
570004.7653278012,454790.78706980526,115213.97825799597
449998.7122159163,678300.381774665,-228301.66955874866
784969.388136717,663237.8590507156,121731.52908600145
386969.05206888786,303605.64031520236,83363.4117536855
345000.10487535974,343346.2366385629,1653.868236796814
714972.9580129466,845181.8100576018,-130208.85204465513
900044.963047313,1152424.700938406,-252379.7378910929
855036.981329096,781059.2534901497,73977.72783894627
352991.76251796697,328274.96307056077,24716.7994474062
174992.78089041667,362507.2909151991,-187514.51002478242
494993.5444744353,759297.9592999866,-264304.4148255513
699975.0706260412,500709.42833042314,199265.64229561802
452978.5262862565,392086.42502136825,60892.101264888246
606524.2560174022,487242.379469163,119281.87654823915
570004.7653278012,396324.65808769164,173680.1072401096
510017.33789744286,384098.2051327107,125919.13276473217
324941.35536534374,346940.1841353221,-21998.82876997837
303003.61042058334,378692.26932444784,-75688.6589038645
574985.441311107,362714.3909355723,212271.05037553475
353910.73524737376,399721.7002557479,-45810.96500837413
384000.8326780749,352569.98160789156,31430.85107018333
205007.12220900704,332481.380379112,-127474.25817010493
760476.1277614163,651644.814872513,108831.31288890331
999989.4420914612,602528.8178505319,397460.62424092926
347006.9196206302,522164.2831859144,-175157.36356528418
582975.2432367329,441431.93176699476,141543.31146973814
250496.443048736,373899.7290167695,-123403.28596803351
498470.654974317,704976.6271876346,-206505.97221331758
449998.7122159163,522218.2361069402,-72219.52389102388
570004.7653278012,515138.6356190505,54866.129708750756
1215055.1200207633,1127545.3397661916,87509.7802545717
324486.75576180586,382701.23109844764,-58214.47533664177
414985.9735637159,417511.7682484505,-2525.794684734603
781992.1647687878,669315.6981225092,112676.46664627863
550014.5437275284,565072.6442479155,-15058.100520387059
467988.9670769519,431994.2354533014,35994.73162365053
467007.22143980063,450218.8500899792,16788.37134982145
598810.2206884923,500990.1188564324,97820.10183205991
319975.59300254006,400236.77778001834,-80261.18477747828
751780.7465641799,782461.5242250391,-30680.777660859167
463008.17986160074,296610.7741567875,166397.40570481325
760019.978943089,685924.2295677033,74095.7493753857
350004.04831045395,495647.08730543597,-145643.03899498202
284987.32939519046,659672.7126982502,-374685.38330305973
580009.6382169717,500846.8207652574,79162.81745171425
339999.6951587399,444581.32338388806,-104581.62822514813
365017.28952338774,310937.7514688436,54079.53805454413
372018.9229103041,390473.79799134034,-18454.87508103624
350004.04831045395,299302.7304774126,50701.317833041365
289902.5178185979,287587.2593190554,2315.258499542484
379382.4203456231,461872.0635329827,-82489.64318735962
389999.2129395211,549070.9975535446,-159071.78461402346
669977.8961486298,650953.164419062,19024.731729567866
399992.0696425668,499431.79900948564,-99439.72936691885
570004.7653278012,401644.9523642386,168359.8129635626
403003.2881190998,446965.9758657917,-43962.687746691925
483980.5505125943,465270.7725931275,18709.777919466782
158007.8508976076,360314.4311721191,-202306.5802745115
355009.56082631194,263288.10131141834,91721.45951489359
449998.7122159163,475450.6952382599,-25451.9830223436
833009.2287340213,557187.7706116418,275821.4581223795
349934.0545004057,491435.31318313,-141501.25868272432
484997.9775932012,441514.0009780925,43483.976615108724
532479.6713667966,413327.7822304711,119151.88913632551
887976.0048110153,362423.82283379725,525552.181977218
795161.088377221,898395.1854582309,-103234.09708100988
339999.6951587399,679522.7043628322,-339523.0092040923
339999.6951587399,381955.0028069011,-41955.30764816119
408480.72199912294,454576.17138658784,-46095.449387464905
565010.729379228,496341.3270297294,68669.40234949859
1589929.1286072298,846602.097458618,743327.0311486118
615013.8088800033,693599.4067507646,-78585.5978707613
269008.9689904289,362336.94292225264,-93327.97393182374
225009.9719539956,255610.10684611424,-30600.13489211863
320007.5921617715,479037.5095205635,-159029.91735879198
299898.6910182003,491098.9363311225,-191200.24531292217
824968.1017303081,578095.302471078,246872.79925923015
360014.6485423943,376628.4646620157,-16613.81611962139
370015.4350123861,446136.2864804213,-76120.8514680352
429982.5906544442,435014.54101972707,-5031.950365282886
424981.1100595267,509016.9995999133,-84035.88954038662
774985.8111698879,808264.906113309,-33279.09494342108
1010039.5030668841,1358701.9748563294,-348662.47178944526
544977.615322981,534996.1349149422,9981.480408038828
699975.0706260412,452674.11523053213,247300.95539550902
925509.8001753759,859301.8372852413,66207.96289013454
711762.8079566414,467981.0812724001,243781.72668424132
359008.0174676456,428640.6354021998,-69632.61793455423
516019.5854284164,484961.04791672894,31058.537511687435
419995.8041119478,432595.0860079412,-12599.281895993452
778014.1572699177,672197.3663021295,105816.7909677882
267346.2730662192,444319.8852310184,-176973.61216479924
500018.3116331437,529158.1184458206,-29139.80681267695
350004.04831045395,440490.93319452653,-90486.88488407258
439942.801124621,428323.09279900865,11619.708325612359
409994.9001727164,348120.5894880013,61874.31068471511
174992.78089041667,224473.96647767862,-49481.18558726195
575560.7143409933,469677.2566502984,105883.4576906949
231006.23950885757,320252.82073003653,-89246.58122117896
963955.104102144,1171162.3524183375,-207207.24831619347
269952.1499858071,456719.90165603126,-186767.75167022418
284987.32939519046,509256.86741674866,-224269.5380215582
489970.27255925577,194865.3093601622,295104.9631990936
229992.04491934925,297132.3865249392,-67140.34160558996
279987.4332796247,497407.57091521594,-217420.13763559127
696483.9303966896,540743.5845325919,155740.3458640977
363741.96213488193,335804.27635701356,27937.685777868377
500018.3116331437,410491.59309508256,89526.71853806113
724980.473231278,679257.3354995475,45723.13773173047
465003.4016876277,373583.6217351627,91419.77995246503
399952.0724354963,395357.5995553371,4594.472880159214
428009.21298579307,438236.1137381196,-10226.900752326532
370015.4350123861,566905.7873931194,-196890.3523807333
658026.1821385814,716320.6727304119,-58294.49059183046
291763.843822528,353185.5970348456,-61421.75321231759
523975.39180697966,439717.9315993923,84257.46020758734
399992.0696425668,348702.667781705,51289.401860861806
565010.729379228,622337.3955895468,-57326.6662103188
590013.088774859,762448.6461337081,-172435.5573588491
800026.3951153775,928446.0336175509,-128419.63850217336
500018.3116331437,491682.6740174562,8335.637615687505
399952.0724354963,549395.4470558761,-149443.37462037982
342490.7743098424,446038.9811953644,-103548.206885522
312012.9586301197,352432.5738451579,-40419.61521503824
412998.8138891743,425570.032408781,-12571.218519606686
343004.8959661516,331333.0193957603,11671.876570391294
370015.4350123861,360411.67681008455,9603.758202301571
624995.6695659152,509548.72840758046,115446.94115833478
577983.1529012189,480904.74948102597,97078.40342019289
613171.5322500154,558316.782293871,54854.74995614437
669977.8961486298,415836.79693142325,254141.0992172066
780039.6260472154,1049486.2765108317,-269446.65046361624
227954.197591648,427400.6196004998,-199446.4220088518
972767.1294545929,1144676.382911932,-171909.25345733901
588010.4506869809,687165.1914282789,-99154.74074129807
738000.6615563302,653955.408592778,84045.25296355214
179997.81663621942,362161.5762000662,-182163.75956384678
325006.350135677,371846.4245663212,-46840.07443064416
529982.8889462198,351170.56318378006,178812.32576243975
188999.56642660097,241621.06495555633,-52621.49852895536
289989.50162086176,291163.6000824643,-1174.0984616025235
347006.9196206302,296069.4373511717,50937.48226945853
514988.5776090478,674038.2590989281,-159049.68148988025
552882.0684577231,738612.4106585744,-185730.3422008513
279987.4332796247,314758.3259563905,-34770.8926767658
762532.1877382838,681384.2300365532,81147.95770173054
360014.6485423943,368524.2797422468,-8509.631199852505
233001.46032093017,315811.52550805814,-82810.06518712797
284987.32939519046,448003.0225301327,-163015.6931349422
550014.5437275284,509325.8912953243,40688.65243220411
240001.39144624295,345439.64559628343,-105438.25415004048
350004.04831045395,428435.8742637567,-78431.82595330273
699975.0706260412,649031.2586687655,50943.81195727561
580009.6382169717,369414.24832358386,210595.3898933878
205007.12220900704,350938.89989318576,-145931.77768417873
382009.2110521615,365693.4185453667,16315.792506794853
758804.9192837204,555340.9596340926,203463.9596496278
424981.1100595267,374189.5987782325,50791.511281294166
325006.350135677,414909.16524102207,-89902.81510534504
360014.6485423943,405103.59233468655,-45088.943792292266
399992.0696425668,308843.6643772136,91148.40526535321
814964.6361055204,740104.969513747,74859.66659177339
314991.2060133072,316809.46346971946,-1818.2574564122478
350004.04831045395,465140.3518969969,-115136.30358654296
739995.9557775905,528623.7148430457,211372.24093454482
749978.6361699108,647639.2654178193,102339.37075209152
259990.4035777104,487330.2760780463,-227339.87250033588
607981.6624199718,546627.727864974,61353.93455499783
607495.4715922972,443058.81333297543,164436.65825932176
1134950.9589606908,912447.1190421144,222503.8399185764
229946.05110989933,430964.70070706547,-201018.64959716614
267506.7289620141,421732.29000098177,-154225.5610389677
399992.0696425668,440157.4554732631,-40165.38583069632
600009.0395491241,605962.0456234649,-5953.006074340781
724980.473231278,663851.0897269985,61129.38350427954
550014.5437275284,422587.8410772734,127426.702650255
256504.11850146958,409077.12858266424,-152573.01008119466
274004.5524463815,244067.1332910503,29937.419155331183
699975.0706260412,489765.566003875,210209.50462216616
288398.9374230364,379888.2436625247,-91489.3062394883
1450037.534610502,706905.7072665181,743131.8273439838
424981.1100595267,403571.349304622,21409.76075490471
1099977.1886910698,508574.0089960236,591403.1796950463
382506.1459642374,422279.00280675804,-39772.85684252065
326994.94792846614,430246.80948178953,-103251.8615533234
439986.7976045207,336255.510272909,103731.28733161167
728978.851294484,661775.3071204171,67203.54417406686
660003.2247661569,518936.76165448636,141066.4631116705
724980.473231278,538972.6049250913,186007.86830618675
810008.4834590409,740709.8463311769,69298.63712786394
199945.47832684824,298923.0967204087,-98977.61839356046
639984.9887611001,381627.08394053235,258357.90482056775
550014.5437275284,528593.760607862,21420.78311966639
449998.7122159163,463597.78272611543,-13599.070510199119
414985.9735637159,291470.1125442939,123515.86101942195
295995.63897349196,188067.0184395953,107928.62053389667
800026.3951153775,448860.87517288333,351165.51994249417
398993.3384026822,300675.55589793145,98317.78250475076
463008.17986160074,362193.60236852884,100814.5774930719
749978.6361699108,760699.7053448287,-10721.06917491788
399992.0696425668,425387.7527271809,-25395.68308461411
382009.2110521615,497090.1414486513,-115080.9303964898
507017.0950235253,414734.5549278993,92282.54009562597
510017.33789744286,539239.7902882339,-29222.452390791033
649982.0330316388,737510.7481627946,-87528.7151311558
755020.3639600973,519538.60268479254,235481.76127530477
335004.7534133102,305340.27044371667,29664.482969593548
279009.19018718053,385514.9773689911,-106505.78718181059
414488.28906586,399079.21369694173,15409.075368918246
919973.367282293,926500.2563823588,-6526.889100065804
674954.121907281,532432.3808443607,142521.7410629203
197995.58273329292,326678.9904660367,-128683.4077327438
467521.2120263793,314246.26320154715,153274.94882483216
306508.26508058526,277259.75281516014,29248.512265425117
539986.8141491429,487860.58457527705,52126.22957386589
414985.9735637159,370853.3057808026,44132.66778291325
455932.4766454245,524249.4456339232,-68316.96898849873
294990.9627184533,354098.62676583126,-59107.66404737794
560004.4448992941,389408.705273321,170595.73962597304
469958.65418616484,367928.0936966435,102030.56048952136
629008.4691126744,609279.5126743017,19728.95643837261
479980.13662664936,332047.84469404805,147932.2919326013
500018.3116331437,431614.81127671857,68403.50035642512
479021.1356740153,493837.2704929957,-14816.134818980354
675494.3012477333,441553.9226711254,233940.3785766079
749978.6361699108,578437.6488964693,171540.9872734415
299988.67412229633,531857.5175320759,-231868.84340977954
493017.52497023816,432973.41198665457,60044.11298358359
350004.04831045395,393683.96300215606,-43679.91469170211
249995.9508216961,406667.1930020346,-156671.2421803385
760019.978943089,594414.9847655803,165604.99417750875
439986.7976045207,383282.87450904975,56703.923095470935
446993.7985457382,422138.20195362193,24855.596592116286
342011.6227101897,394243.1041469437,-52231.481436753995
424981.1100595267,372561.6589561098,52419.45110341691
873968.8384022049,551262.3082209643,322706.53018124064
485483.2181506361,416904.2575361316,68578.96061450453
254995.19988933546,330737.506829548,-75742.30694021253
433479.5933799415,492209.86696039943,-58730.27358045796
869957.8141740499,1329939.9175021574,-459982.1033281075
949983.5997436772,927496.1106970744,22487.489046602743
412503.512552745,371038.48351301666,41465.02903972834
286015.1327169651,302220.20240240946,-16205.069685444352
444986.8454834047,472998.43068053684,-28011.58519713214
374894.52547874284,552198.5956550491,-177304.07017630624
388520.0281613813,527610.3575682783,-139090.329406897
367507.86545329663,361512.3609218095,5995.504531487124
208001.38139842855,307861.3474078631,-99859.96600943457
320007.5921617715,379375.47848938825,-59367.886327616754
724980.473231278,324009.5048345127,400970.9683967653
900044.963047313,963662.4023649326,-63617.439317619544
1030959.0051629753,706725.038297518,324233.96686545725
809037.0562517865,730767.6457332479,78269.41051853867
349934.0545004057,370581.7352298046,-20647.68072939891
389999.2129395211,486988.10652462475,-96988.89358510362
379913.92770244397,654712.9619056883,-274799.0342032443
277950.9671616125,387439.45234571944,-109488.48518410692
790009.3027446414,407438.4970885816,382570.8056560598
1300032.7312507497,1253275.4587227479,46757.272528001806
286989.23921085306,339951.2427035921,-52962.00349273905
585019.2314809182,632477.6229681402,-47458.39148722193
861990.9062532622,739909.6477973678,122081.25845589442
437486.0068826192,426369.7035748767,11116.303307742462
542151.0870658773,494607.9478381111,47543.139227766194
314991.2060133072,350068.7952542296,-35077.58924092242
439986.7976045207,327516.6939318596,112470.10367266106
739995.9557775905,985467.4916850448,-245471.53590745432
308013.84122863744,500686.2146848855,-192672.37345624808
925047.1609447353,649544.3460327712,275502.8149119641
221992.74940872533,296087.6449777884,-74094.89556906305
187250.01846669594,279471.75211959064,-92221.7336528947
822496.9060720011,879521.8633163355,-57024.95724433439
252508.45189781958,366324.57026000845,-113816.11836218886
274992.74651726685,285887.5453870575,-10894.798869790626
479980.13662664936,439698.2620330207,40281.87459362863
350004.04831045395,439443.9788272121,-89439.93051675818
279987.4332796247,173144.51158571956,106842.92169390511
507524.36571162,402644.4589554672,104879.9067561528
744970.5750466443,700846.3199648965,44124.255081747775
298462.6266131279,449156.63737865223,-150694.01076552435
429982.5906544442,569093.8141941709,-139111.2235397267
274992.74651726685,256265.3438600744,18727.402657192433
520008.2729758518,657353.9251606786,-137345.6521848268
449998.7122159163,484103.28191096976,-34104.56969505345
979992.3063963796,961074.2812386353,18918.025157744298
329951.18557465315,461796.95652891975,-131845.7709542666
1208028.1980970143,465020.52182973427,743007.67626728
350004.04831045395,528750.151462724,-178746.10315227002
790009.3027446414,525272.0306954369,264737.27204920456
845006.8391709592,702407.5802072741,142599.25896368513
393997.5618251962,602343.2685247618,-208345.70669956558
299988.67412229633,460633.149438357,-160644.47531606065
309991.4514148582,241072.08483978573,68919.36657507249
1099867.1964719037,977254.1828502374,122613.01362166635
550014.5437275284,1215148.108909154,-665133.5651816257
550014.5437275284,241584.3845102905,308430.15921723796
1550053.4931351328,747702.4109376092,802351.0821975237
404982.85019720223,329415.8838514816,75566.96634572063
555986.8934370908,489969.37890008633,66017.51453700446
795002.0720617075,712917.5626121599,82084.50944954762
622127.2918126489,496838.06131940894,125289.23049323994
624995.6695659152,730848.9875527602,-105853.31798684492
259990.4035777104,224396.75819924544,35593.64537846498
749978.6361699108,681257.5008732852,68721.13529662555
289960.5041205989,344598.6114789403,-54638.107358341396
617972.971471256,473857.15524960123,144115.81622165476
360014.6485423943,419238.8162445796,-59224.16770218534
284987.32939519046,362374.38506711606,-77387.0556719256
660003.2247661569,624293.2592205736,35709.96554558328
228959.40589758885,396128.8507140592,-167169.44481647035
439019.8906374402,442748.91273112636,-3729.0220936861588
226953.40248609244,240961.4878137206,-14008.085327628156
554987.0171874947,320532.4085715308,234454.6086159639
689002.3770569969,527270.7591368619,161731.61792013503
560004.4448992941,526455.8226603043,33548.6222389898
291501.3744920033,277512.05582477886,13989.318667224434
404982.85019720223,393137.29432943155,11845.555867770687
479980.13662664936,573234.283972672,-93254.1473460226
600009.0395491241,994128.8716697975,-394119.8321206734
279987.4332796247,317277.4087113651,-37289.9754317404
444986.8454834047,461322.98903753905,-16336.143554134353
615013.8088800033,690111.5185009401,-75097.70962093677
225009.9719539956,251420.87341033778,-26410.901456342166
234990.41381084712,444013.16727355483,-209022.7534627077
401997.0382352448,577188.3815410521,-175191.34330580733
259990.4035777104,360143.42600187083,-100153.02242416042
524971.8914262705,515279.2908839639,9692.60054230655
312012.9586301197,487789.5501396886,-175776.5915095689
262000.05692127906,370286.5806289331,-108286.52370765404
615013.8088800033,490675.61580019974,124338.19307980355
294990.9627184533,608457.4320899103,-313466.46937145694
517984.19023810886,512498.527539679,5485.662698429835
305010.0482107029,512562.78953853995,-207552.74132783705
664971.8580362194,497907.57644170534,167064.28159451403
693010.2023018744,628465.1363062868,64545.06599558762
362000.18432758434,359239.80190652574,2760.3824210586026
339999.6951587399,393972.8615273753,-53973.16636863537
751329.8134097154,830113.2203156085,-78783.40690589312
269952.1499858071,331776.3387005618,-61824.18871475471
352004.7680200499,472014.38758474565,-120009.61956469575
585019.2314809182,656134.1797546857,-71114.94827376748
455522.3220137135,651549.2741423954,-196026.95212868188
330017.18241123157,386879.1707215734,-56861.98831034184
442988.9034198983,381088.57974301296,61900.32367688534
685017.7299170608,853747.0736963644,-168729.3437793036
417984.6548717913,345653.57512689667,72331.07974489464
652456.6635773913,578654.66644403,73801.99713336129
487039.2527763031,518369.0706582802,-31329.817881977127
388986.5320415222,445246.64210066886,-56260.11005914665
367949.1396033774,562488.4350076122,-194539.29540423484
337492.9836859639,494991.66779448296,-157498.68410851905
460008.386582422,662448.1740446074,-202439.78746218543
305987.64368351887,388208.09258337255,-82220.44889985368
289989.50162086176,338295.89219250035,-48306.39057163859
350004.04831045395,511636.5807721387,-161632.53246168478
299988.67412229633,445001.79327423766,-145013.11915194133
375007.010708327,452917.841111125,-77910.83040279802
397400.55274410243,314518.9825071633,82881.57023693912
350004.04831045395,353163.4695954682,-3159.4212850142503
998989.9524774681,854799.3581077569,144190.59436971112
550014.5437275284,433644.96379699267,116369.57993053575
260667.25815667023,293710.68465723883,-33043.4265005686
655006.2129550765,541848.2359287695,113157.97702630702
434999.4301195662,335783.7377655261,99215.6923540401
695022.8488154652,915588.420764662,-220565.57194919675
326015.4330915721,382485.5492873063,-56470.11619573424
309001.0642349489,327488.46884868975,-18487.40461374086
193493.65495807526,328568.67913868075,-135075.02418060548
484997.9775932012,543917.5088548093,-58919.53126160812
635012.5236729799,532240.2417228136,102772.28195016633
905008.8485159902,920375.2421444227,-15366.393628432532
397997.10087246215,380018.7383315144,17978.36254094774
594990.0727887946,442748.3430345612,152241.72975423344
330017.18241123157,370219.6349390088,-40202.45252777723
1394993.0623507958,985701.2305102337,409291.83184056217
619953.6523792369,386541.4310068042,233412.22137243266
554987.0171874947,395840.31870848796,159146.6984790067
350004.04831045395,421446.6070232988,-71442.55871284485
352991.76251796697,433373.0921141177,-80381.32959615072
830015.7869387278,816722.9242054878,13292.862733240006
455021.52294948127,382392.15059157246,72629.37235790881
858034.8539805609,1046635.8036306598,-188600.94965009892
475014.21077960083,381317.40589672315,93696.80488287768
432267.54817363643,337806.75087295566,94460.79730068077
279959.4359361873,341239.3356680729,-61279.89973188564
510017.33789744286,375127.20864060964,134890.12925683323
585019.2314809182,444082.2654696911,140936.96601122717
1099977.1886910698,769618.5152736768,330358.673417393
398993.3384026822,339072.28015148285,59921.05825119937
649527.2048169639,682075.3793287721,-32548.174511808204
951980.6614840449,1019007.9047626761,-67027.24327863124
232489.42055848546,334947.3955137285,-102457.97495524303
637812.7347237807,585671.4688105222,52141.26591325842
559948.4472547332,438110.73292631854,121837.71432841464
398993.3384026822,454067.52080446534,-55074.182401783124
615752.2684377793,476318.2783897471,139433.9900480322
444986.8454834047,271847.94995631534,173138.89552708936
580009.6382169717,455201.5745117447,124808.06370522693
760780.3790587229,676395.0900277989,84385.28903092397
699975.0706260412,572745.6266810808,127229.44394496037
123995.43135535583,202993.53370742608,-78998.10235207024
764976.1990716234,711406.1500338682,53570.049037755234
240001.39144624295,319191.9391982,-79190.54775195706
299958.6767547775,328965.00826937525,-29006.331514597754
467007.22143980063,477504.13826173794,-10496.91682193731
539986.8141491429,421953.220798575,118033.59335056791
249995.9508216961,347448.8963704989,-97452.94554880276
439986.7976045207,326906.31076324667,113080.48684127402
470005.652401455,448400.272397294,21605.38000416098
417984.6548717913,371472.2226228955,46512.43224889581
272992.6088524378,364182.4037202003,-91189.79486776248
494993.5444744353,396228.61454069254,98764.92993374274
711976.3688315575,633478.8037308324,78497.56510072504
464538.63071015995,382536.1504301286,82002.48028003133
442988.9034198983,353772.8125827648,89216.09083713352
424981.1100595267,307322.52727272443,117658.58278680226
841970.2836293974,502639.91158721794,339330.37204217946
474966.7117335149,450762.0735180789,24204.638215436018
170007.86845658242,232442.40818826004,-62434.53973167762
368759.5188007691,389435.6827008734,-20676.163900104293
279009.19018718053,376629.0469469966,-97619.85675981606
539986.8141491429,545716.1990806437,-5729.384931500768
574985.441311107,375916.92034189514,199068.52096921188
730000.1364190738,415037.68526681955,314962.45115225425
248997.96432205703,283760.13217707217,-34762.16785501514
309001.0642349489,410775.5383107927,-101774.47407584381
1300032.7312507497,1261250.6022108798,38782.12903986988
419995.8041119478,600998.9167252923,-181003.11261334457
855036.981329096,658584.5771683186,196452.40416077746
244996.69508820938,343420.4656161044,-98423.77052789505
424981.1100595267,347706.0038528882,77275.1062066385
274004.5524463815,410604.0946281479,-136599.54218176642
279987.4332796247,315592.9780939922,-35605.544814367546
234005.52378967372,358252.75577080355,-124247.23198112982
749978.6361699108,1010033.7106858979,-260055.07451598707
362000.18432758434,369249.8756696709,-7249.691342086531
483448.4646079295,530742.2368939185,-47293.77228598896
760019.978943089,526406.7645471181,233613.21439597092
320007.5921617715,344713.52294537146,-24705.930783599964
494993.5444744353,490076.44464341435,4917.099831020925
1077980.5633489618,667283.1403797639,410697.42296919785
861129.3461988333,932487.5966549345,-71358.25045610114
159995.3449931631,253459.79392313582,-93464.44892997271
550014.5437275284,373992.95545638376,176021.58827114466
534988.2162849667,607033.5928846985,-72045.37659973186
330017.18241123157,382576.6332043045,-52559.45079307293
432008.26543733146,387194.87827167107,44813.38716566039
1259971.9288638458,1073894.7585474586,186077.1703163872
365017.28952338774,491792.42119922984,-126775.1316758421
1550053.4931351328,1051516.7018724435,498536.7912626893
379003.22755327326,330795.6705327441,48207.55702052917
226499.9492854722,372572.12743095757,-146072.17814548538
316000.7923491741,303274.42942903115,12726.362920142943
934998.3092683086,832346.2238598921,102652.08540841646
342011.6227101897,364903.7909225533,-22892.168212363555
244996.69508820938,124242.89612471651,120753.79896349287
1044971.3220603167,933452.937345631,111518.38471468573
529982.8889462198,483226.5950967083,46756.29384951154
299000.3431407227,380257.26215636387,-81256.91901564115
949983.5997436772,961086.2713349178,-11102.671591240563
836013.4663405801,660508.4369877396,175505.0293528405
304005.1740059687,444145.027869706,-140139.85386373725
293989.69656222925,474696.17938133556,-180706.4828191063
724980.473231278,508134.56695902784,216845.90627225017
350004.04831045395,428528.83904515073,-78524.79073469678
252988.67402297774,345361.2002970887,-92372.52627411098
520008.2729758518,507223.7399543485,12784.533021503303
941472.1065180011,975978.1657332362,-34506.059215235175
898965.5568648938,917359.9057369679,-18394.34887207416
282603.46208808396,245592.84533035866,37010.61675772531
550014.5437275284,629303.5189196238,-79288.97519209539
527708.8552002106,592002.4053670013,-64293.55016679072
208960.39178569766,206200.87970832904,2759.5120773686212
585019.2314809182,732618.4064278901,-147599.17494697182
652521.912506141,670170.0810533229,-17648.16854718188
662516.0082852391,668067.383911744,-5551.375626504887
552108.5751335473,435048.82414602244,117059.75098752487
360014.6485423943,436853.12601720594,-76838.47747481166
345000.10487535974,383662.9189377819,-38662.81406242214
560004.4448992941,491505.4994219198,68498.94547737425
226749.2363124144,281853.0889784281,-55103.8526660137
639984.9887611001,620021.8451939214,19963.143567178748
399992.0696425668,297670.09890019556,102321.97074237122
439019.8906374402,514275.95921869687,-75256.06858125667
244996.69508820938,344968.41574038786,-99971.72065217848
330017.18241123157,510943.6475486113,-180926.4651373797
462591.65996179543,449766.97767461743,12824.682287178002
1287998.4728882958,1247317.0295655236,40681.44332277216
814964.6361055204,713235.8041745762,101728.83193094423
544977.615322981,486987.44789136056,57990.16743162047
234990.41381084712,299574.2992917761,-64583.88548092896
330017.18241123157,253069.31119653714,76947.87121469443
419995.8041119478,523413.66825262725,-103417.86414067948
1099977.1886910698,684503.712789031,415473.47590203886
465003.4016876277,301463.7577934614,163539.64389416634
798987.0365311845,725723.2098217843,73263.82670940016
279987.4332796247,402402.24344697077,-122414.81016734609
520008.2729758518,552090.1798280798,-32081.906852227985
424981.1100595267,557610.8250230838,-132629.71496355714
1398065.4254481886,570118.3757347153,827947.0497134733
234990.41381084712,322012.66606836946,-87022.25225752234
771969.2526189854,487930.6162556449,284038.6363633405
454021.5759440103,389351.31662819115,64670.25931581913
699975.0706260412,807819.0129820234,-107843.94235598226
449998.7122159163,479269.41466235305,-29270.702446436742
502022.39036503556,340967.3989850824,161054.99137995316
272992.6088524378,378858.2169150489,-105865.60806261108
804036.5441089653,686339.6493969406,117696.89471202472
294578.2643269289,338404.3670382816,-43826.102711352694
714972.9580129466,542929.8873922214,172043.07062072528
622002.8787960031,473566.4179286798,148436.46086732327
554987.0171874947,545565.00456353,9422.012623964692
1051996.136768751,761034.5426961975,290961.59407255356
680171.3291163961,540303.4978156392,139867.8313007569
840035.9772820559,1062901.6046488502,-222865.62736679427
409012.09225355275,440246.1408507607,-31234.048597207933
456023.67226001166,525481.649665895,-69457.97740588337
500018.3116331437,463905.21702056925,36113.09461257444
159995.3449931631,404159.38870582264,-244164.04371265954
195008.8068774212,216299.3234590072,-21290.51658158601
434999.4301195662,397907.0800910169,37092.35002854932
657105.5900484137,450497.1727424953,206608.4173059184
309991.4514148582,421207.7767400431,-111216.32532518485
240001.39144624295,287009.166913024,-47007.77546678102
349934.0545004057,524343.7357285196,-174409.68122811394
837184.7048691248,680589.5490385034,156595.15583062137
359942.65281249833,355389.78475574654,4552.868056751788
422988.3854134379,472039.4537944981,-49051.068381060206
496977.4838859048,530689.6844648449,-33712.2005789401
760019.978943089,664817.9645889166,95202.0143541724
341498.98984689056,583443.9683669171,-241944.97852002655
397003.3508254181,441428.22740816686,-44424.87658274878
658618.6722830778,417964.6060391395,240654.06624393834
270006.14581520704,354707.23450889974,-84701.0886936927
401997.0382352448,583304.5684864905,-181307.5302512457
539986.8141491429,625272.9754140108,-85286.16126486787
265003.9472127818,288704.1551252846,-23700.20791250281
294990.9627184533,514919.4806601038,-219928.51794165047
398993.3384026822,677737.4067245041,-278744.06832182186
431015.7882131504,429478.90989714675,1536.8783160036546
510987.29200405435,565158.9419546584,-54171.64995060401
279987.4332796247,418254.84836521663,-138267.41508559196
264500.9177424022,342309.6181256899,-77808.70038328774
1150031.6250444886,988423.9845476241,161607.64049686445
114005.27520111167,263972.67807363934,-149967.40287252766
865013.160284487,713172.7638463241,151840.3964381629
624995.6695659152,497622.85000605264,127372.8195598626
814964.6361055204,958509.9753259681,-143545.3392204477
277506.60120172,437655.45488846424,-160148.85368674423
820033.1128914005,673237.2368305689,146795.8760608316
386504.9677127094,303964.7365631285,82540.23114958091
1010039.5030668841,686123.8275249253,323915.6755419588
314991.2060133072,258169.10087151526,56822.10514179195
484949.4802203502,452185.2579360304,32764.22228431981
231491.8623373298,369978.26699619717,-138486.40465886737
375007.010708327,452149.6181202562,-77142.60741192917
248997.96432205703,348812.3823269812,-99814.4180049242
184997.94576021977,442780.49447229493,-257782.54871207516
774985.8111698879,539015.4407275012,235970.37044238672
550014.5437275284,365014.7613343591,184999.7823931693
1440066.714510233,1237444.6937769689,202622.02073326404
624995.6695659152,608605.4265133839,16390.243052531383
277506.60120172,372720.74544214265,-95214.14424042264
269952.1499858071,461495.740308358,-191543.5903225509
429982.5906544442,344671.44246399007,85311.14819045411
320007.5921617715,429211.11124180985,-109203.51908003836
615013.8088800033,468869.9553819741,146143.85349802917
995001.9739419312,360500.437899167,634501.5360427641
508794.7639620462,458476.3442147244,50318.41974732181
252988.67402297774,395475.2181573421,-142486.54413436438
635012.5236729799,548201.2531789615,86811.27049401845
389999.2129395211,364723.1164554313,25276.096484089794
458997.4805363234,409801.6341483343,49195.84638798906
570974.5975526825,596487.9243996408,-25513.326846958254
679967.308322311,356934.7594070792,323032.54891523183
434999.4301195662,348758.28720163263,86241.14291793358
679967.308322311,580979.396213194,98987.91210911702
419995.8041119478,510626.0721327884,-90630.26802084065
528025.5755199252,525074.7804849161,2950.795035009156
244996.69508820938,236735.73128655355,8260.963801655831
326015.4330915721,297595.6266856304,28419.806405941665
409994.9001727164,531511.304164365,-121516.40399164864
1205011.89954595,842891.7987882885,362120.1007576614
407990.83912123705,460507.7900299236,-52516.95090868656
350004.04831045395,273849.82881727413,76154.21949317981
409012.09225355275,581704.8162663091,-172692.72401275637
252988.67402297774,391251.7789373903,-138263.10491441257
270006.14581520704,365205.94800502557,-95199.80218981853
434999.4301195662,484472.2685324426,-49472.838412876416
624995.6695659152,521450.54033771215,103545.12922820309
550014.5437275284,464485.03559365997,85529.50813386845
532479.6713667966,386940.10576819984,145539.56559859676
885227.5415152704,877080.5101703593,8147.031344911084
600009.0395491241,700142.4588638169,-100133.41931469284
577001.416253871,489509.40060782805,87492.015646043
389999.2129395211,334955.4947956764,55043.718143844744
244996.69508820938,514018.30667062575,-269021.61158241634
449009.80324776605,605321.5887586361,-156311.7855108701
269493.6211907361,271578.6919320668,-2085.070741330681
394983.7879988166,476809.0933936105,-81825.30539479392
244996.69508820938,319930.29216259776,-74933.59707438838
488991.31130171486,438755.123689802,50236.18761191284
244898.71600729646,350033.1528903541,-105134.43688305764
679967.308322311,546007.5158726377,133959.7924496733
652130.5167890941,634461.4773631159,17669.039425978204
759032.5949091413,913575.1802343748,-154542.58532523352
205007.12220900704,350244.9942554851,-145237.87204647803
544977.615322981,314648.0536188805,230329.56170410052
150001.41404490612,343509.7149761057,-193508.3009311996
394944.2915948699,319468.5473669627,75475.74422790721
649982.0330316388,620763.6757375955,29218.357294043293
764976.1990716234,925391.2174999407,-160415.01842831727
284987.32939519046,363649.50672233966,-78662.1773271492
711976.3688315575,523564.2664473857,188412.10238417174
222192.63281723481,341130.5336976791,-118937.9008804443
262000.05692127906,292135.35833654605,-30135.301415266993
510017.33789744286,929394.2699024095,-419376.93200496666
1349979.5470952098,744390.6831493182,605588.8639458916
419995.8041119478,532143.7851833728,-112147.98107142502
187006.7516004123,400094.7624576364,-213088.01085722412
267506.7289620141,316389.38787723356,-48882.65891521948
200005.4709687925,437587.21112305194,-237581.74015425943
196496.5199585458,331868.8114711226,-135372.2915125768
565010.729379228,506438.0670986642,58572.66228056379
510017.33789744286,602974.5148177244,-92957.17692028149
346486.7994288656,418062.53648852697,-71575.73705966136
439986.7976045207,324357.68830999226,115629.10929452843
820033.1128914005,694658.5455559448,125374.56733545568
314991.2060133072,355663.95893861173,-40672.75292530452
272992.6088524378,348968.87756760075,-75976.26871516294
848733.0609395669,585405.7660667212,263327.29487284576
565010.729379228,531654.3109790393,33356.418400188675
200005.4709687925,292688.8740754004,-92683.4031066079
446011.49312110106,420574.08725662786,25437.4058644732
190003.9233234075,277875.1271683381,-87871.2038449306
744970.5750466443,837734.2724977187,-92763.69745107437
399512.3670381224,506323.92666362657,-106811.55962550419
280997.2045371418,336146.4080574696,-55149.20352032781
644996.3907333472,667852.9041101619,-22856.51337681478
402519.97421969386,387595.25355929637,14924.720660397492
523975.39180697966,443270.46302886604,80704.92877811362
519904.281720729,635229.2663402586,-115324.98461952963
687969.6482316671,794136.1724248093,-106166.52419314219
270006.14581520704,365650.83463330445,-95644.6888180974
386582.2764368665,451620.76155936613,-65038.48512249964
520008.2729758518,387421.9545810616,132586.31839479017
274992.74651726685,463688.99531365995,-188696.2487963931
348014.70026317565,328653.8875824985,19360.81268067716
500018.3116331437,375978.3390793647,124039.97255377896
1289029.2839360489,1566972.2268545062,-277942.9429184573
196693.11475952182,323001.6520450839,-126308.53728556205
716475.978844287,719232.7017046134,-2756.7228603264084
382506.1459642374,355064.56431446975,27441.581649767642
560004.4448992941,425130.7781364783,134873.6667628158
474491.98242599616,302222.9050647551,172269.07736124104
218994.08515297496,328753.88615402376,-109759.80100104879
544977.615322981,478951.96440279594,66025.65092018509
1400024.0877875367,1390531.919740165,9492.168047371786
1399884.0923786454,1186117.8541078013,213766.2382708441
817985.5905784798,943979.4979828083,-125993.90740432846
675764.5530149831,676015.2926033466,-250.73958836356178
333000.74293628917,510328.03328165814,-177327.29034536897
1215055.1200207633,779370.8005560552,435684.3194647081
441485.2987247242,350841.78416625084,90643.51455847337
590308.1690831752,567040.4563489825,23267.712734192726
372018.9229103041,367951.5496398869,4067.3732704172144
259912.41815503512,404446.75425620744,-144534.33610117232
225009.9719539956,354282.15565675346,-129272.18370275784
184997.94576021977,301487.93819315644,-116489.99243293668
434999.4301195662,366250.29317475064,68749.13694481557
624995.6695659152,425442.79693657835,199552.8726293369
350004.04831045395,724898.5100500792,-374894.46173962526
265003.9472127818,349159.39933635236,-84155.45212357055
465003.4016876277,359291.4864190057,105711.91526862199
624808.1989870388,539467.7064170277,85340.49257001106
320007.5921617715,455156.90780930617,-135149.31564753468
709063.2417107506,527368.5144206567,181694.7272900939
241011.517069241,340198.46318187716,-99186.94611263616
294990.9627184533,371739.30022524844,-76748.33750679513
544977.615322981,415987.1551542939,128990.4601686871
404982.85019720223,448631.0160315947,-43648.16583439248
525024.3912403609,485690.31843061646,39334.07280974445
452978.5262862565,346346.9015852325,106631.62470102397
925047.1609447353,733992.0893201343,191055.07162460103
407990.83912123705,423764.79635821824,-15773.957236981194
385000.53389145073,245117.716515838,139882.81737561274
220003.77845885692,310512.88584532,-90509.10738646309
339999.6951587399,384980.3220272607,-44980.626868520805
209944.81721468602,331002.56717682857,-121057.74996214255
780039.6260472154,625478.0327630152,154561.59328420018
272011.6023317929,411583.25999748136,-139571.6576656885
1294972.4775075414,770731.0308997923,524241.4466077491
339999.6951587399,387321.3809729835,-47321.68581424357
739995.9557775905,544683.1282698695,195312.82750772103
479980.13662664936,615759.7225217639,-135779.58589511452
438011.30520683737,391305.5110153596,46705.79419147776
719995.3265007565,698759.3531543179,21235.973346438608
1119956.0483985783,1119393.3221979442,562.726200634148
517000.95464625827,366362.921248736,150638.0333975223
215992.72380263475,240721.22441296984,-24728.50061033509
346140.4858151033,537686.8314187567,-191546.34560365346
314991.2060133072,404108.29822061106,-89117.09220730385
249995.9508216961,244697.27801400248,5298.672807693627
259990.4035777104,283630.57333857013,-23640.169760859717
414985.9735637159,364801.3585725621,50184.614991153765
585019.2314809182,407927.58934023266,177091.64214068558
871961.0199502129,831991.166595076,39969.85335513693
705033.0781109203,690900.4159222797,14132.662188640563
600009.0395491241,562997.147551666,37011.891997458064
254002.6553297083,259660.43864401925,-5657.783314310946
483980.5505125943,366043.7633165188,117936.78719607549
382506.1459642374,245053.6034991491,137452.5424650883
399952.0724354963,377641.7596062767,22310.31282921962
654024.4401493305,478477.95836181985,175546.48178751068
215001.4389762084,337562.1580379709,-122560.7190617625
431490.1664403764,385486.98143859184,46003.18500178453
534988.2162849667,445620.4663076036,89367.7499773631
639920.9934620424,838533.6412731925,-198612.64781115006
265003.9472127818,449182.5325174137,-184178.5853046319
539015.7121376827,660087.8842194936,-121072.17208181089
594514.2710766246,684305.1514141373,-89790.8803375127
265003.9472127818,388047.032220718,-123043.08500793617
467007.22143980063,623106.1632800262,-156098.94184022554
287506.2850430796,377419.4719463673,-89913.18690328771
743036.1673712165,712683.1099285622,30353.057442654273
231191.11844217818,311264.5247033607,-80073.4062611825
389999.2129395211,387956.276597663,2042.9363418581197
502775.98900826584,464917.72073076776,37858.26827749808
314991.2060133072,487010.2887930051,-172019.0827796979
800026.3951153775,877381.8735803779,-77355.4784650004
869957.8141740499,943678.5992949023,-73720.78512085241
215992.72380263475,334607.95881330455,-118615.2350106698
660993.9724783251,491919.0540155321,169074.91846279305
465003.4016876277,288786.289515413,176217.11217221472
369017.74083109625,512289.7884177252,-143272.04758662893
624995.6695659152,583559.8783531685,41435.79121274676
394983.7879988166,426151.10367439454,-31167.315675577964
675021.6206943546,484105.7855219901,190915.83517236455
714972.9580129466,528875.7979809118,186097.16003203485
1275055.1620605458,914632.5893245918,360422.57273595396
560004.4448992941,418204.66866926034,141799.77623003372
749978.6361699108,654706.98031654,95271.65585337079
409994.9001727164,353366.05985163443,56628.84032108198
592377.8675344398,408190.55647902034,184187.31105541944
546779.0121235001,396595.5559308192,150183.45619268093
345000.10487535974,372200.09823079896,-27199.99335543922
799866.4058358159,707558.8787872229,92307.52704859304
734981.0532709017,551236.8317081409,183744.22156276077
333000.74293628917,333590.7381599178,-589.9952236286481
345000.10487535974,367669.06132048124,-22668.956445121497
375007.010708327,440226.1501333279,-65219.139425000874
231491.8623373298,393803.86615266744,-162312.00381533764
360014.6485423943,379893.62279927364,-19878.97425687936
403003.2881190998,372073.8636780425,30929.424441057316
624995.6695659152,663946.1497137904,-38950.48014787515
320904.8690212071,423289.5617474292,-102384.6927262221
229509.56840267114,301081.3684896198,-71571.80008694867
259990.4035777104,503131.85844307655,-243141.45486536613
337999.60303101054,376876.8385246627,-38877.23549365217
552992.655929794,421918.3735440092,131074.28238578473
449998.7122159163,628090.333496376,-178091.62128045975
784969.388136717,520143.0265418022,264826.3615949148
182006.92230891492,392578.1543390308,-210571.23203011588
339965.6968891653,507299.0979883517,-167333.4010991864
774985.8111698879,736868.160183882,38117.6509860059
475014.21077960083,413846.29378492857,61167.91699467227
677998.2596287564,670629.9405663975,7368.319062358933
399992.0696425668,453290.40103037405,-53298.331387807266
314991.2060133072,328060.70939567254,-13069.503382365336
370015.4350123861,343078.61203918495,26936.822973201168
500018.3116331437,495355.64852714015,4662.663106003543
439986.7976045207,420030.4861398475,19956.3114646732
600009.0395491241,569034.9946034411,30974.04494568298
399992.0696425668,486663.22004399233,-86671.15040142555
675021.6206943546,512372.7639723842,162648.85672197043
394983.7879988166,441430.32254679594,-46446.53454797936
269493.6211907361,347223.4119683235,-77729.79077758739
439986.7976045207,410882.1958863931,29104.60171812761
500018.3116331437,947192.8154857544,-447174.5038526107
664971.8580362194,703192.7325557001,-38220.87451948074
325006.350135677,327764.8456393126,-2758.495503635553
500018.3116331437,335249.2810633245,164769.0305698192
695022.8488154652,621374.0422785695,73648.80653689569
257996.1651413317,309218.7252658162,-51222.5601244845
253495.15768585843,398258.657467588,-144763.4997817296
544977.615322981,643286.6308744387,-98309.01555145765
624995.6695659152,630864.9520911349,-5869.282525219605
339999.6951587399,332690.1980523119,7309.497106428025
655989.459525078,589568.9822936285,66420.47723144945
279987.4332796247,274331.74274413555,5655.6905354891205
764976.1990716234,870059.6956277115,-105083.4965560881
679967.308322311,642884.0292806943,37083.27904161671
606402.9632958755,692460.0897127803,-86057.12641690485
850007.1158332613,440461.8824873553,409545.23334590596
1211052.0468282492,899628.518614882,311423.5282133672
185999.63679902162,333158.90174561436,-147159.26494659274
501019.34896005725,623867.4143770438,-122848.06541698659
810008.4834590409,734111.7196074007,75896.76385164016
840035.9772820559,600972.7841253491,239063.19315670675
277007.53861063597,369741.7065611603,-92734.16795052431
325006.350135677,487254.64219891484,-162248.2920632378
350004.04831045395,307898.78296428145,42105.2653461725
322997.54449718515,480788.4433982912,-157790.89890110603
1042049.4948256026,1099507.5507769582,-57458.05595135561
749978.6361699108,1067139.9156512849,-317161.2794813741
225009.9719539956,357922.8902947985,-132912.91834080286
542476.4753248331,668033.6667474352,-125557.19142260216
257506.4378158489,351824.2191000366,-94317.78128418769
529876.902967382,653536.2302580927,-123659.32729071076
975007.0687951403,1059507.301951945,-84500.23315680481
409012.09225355275,506465.658572876,-97453.56631932326
207005.3671143447,392628.9538287148,-185623.5867143701
219959.7821029475,322552.4727339429,-102592.6906309954
279791.5106572469,415091.86492449546,-135300.35426724853
920985.8947743269,456690.9753449332,464294.9194293937
507981.3432498065,584368.1263858958,-76386.78313608927
190498.57629425617,387038.9193755607,-196540.34308130454
900044.963047313,646369.2221004214,253675.7409468916
350004.04831045395,399266.25608224375,-49262.20777178981
554987.0171874947,424019.27685685287,130967.7403306418
345000.10487535974,535349.0360642945,-190348.93118893477
337898.21835856215,363540.2290540943,-25642.01069553214
679967.308322311,450613.3592603288,229353.94906198222
880988.6308403228,964205.9740366888,-83217.34319636598
525024.3912403609,402098.24926874565,122926.14197161526
624995.6695659152,494121.18851166265,130874.4810542526
350004.04831045395,389191.38436253305,-39187.3360520791
910000.1105713466,745980.865818865,164019.24475248158
800026.3951153775,425328.61648619245,374697.77862918505
654482.4175308179,545118.6782792676,109363.73925155029
1599977.3006250064,1215358.8998399659,384618.4007850406
197501.21199736441,236142.93318980042,-38641.721192436
800026.3951153775,340674.13500791334,459352.26010746416
267988.67469518003,329530.73780835554,-61542.06311317551
539986.8141491429,410504.62161690363,129482.1925322393
449998.7122159163,339125.3305584231,110873.38165749318
197008.0756446538,341976.1070906213,-144968.0314459675
229992.04491934925,271258.78134108963,-41266.73642174038
823978.7337477448,875310.2573075878,-51331.52355984296
565010.729379228,303351.4560934311,261659.27328579687
360014.6485423943,477353.2158665018,-117338.56732410751
169498.60912215876,252834.38616383338,-83335.77704167462
234990.41381084712,361661.61350630777,-126671.19969546064
190003.9233234075,379426.3938068575,-189422.47048345002
389999.2129395211,510565.4551013271,-120566.24216180597
305010.0482107029,344026.1179416083,-39016.06973090541
254002.6553297083,334782.41070222703,-80779.75537251873
550014.5437275284,504862.2410177498,45152.302709778596
679967.308322311,670006.0509700442,9961.25735226681
267801.14826480136,416041.63259658084,-148240.48433177947
254995.19988933546,367136.50324182335,-112141.30335248788
274992.74651726685,383695.1355286708,-108702.38901140395
479980.13662664936,687867.8436000367,-207887.70697338734
475014.21077960083,351678.22690323705,123335.98387636378
949983.5997436772,692348.4489367885,257635.1508068887
800506.5549860033,525155.0342898576,275351.5206961457
164999.87577439836,298671.52150884975,-133671.6457344514
270006.14581520704,353407.92448725237,-83401.77867204533
349514.38548677403,468039.0412038763,-118524.65571710229
638004.1072486409,425653.1850935258,212350.92215511505
630015.6882236699,597069.7103850077,32945.97783866222
237993.8233485912,263210.3579513867,-25216.534602795524
464956.90367239853,619573.3384858732,-154616.43481347465
283991.6172550083,456947.91478630475,-172956.29753129644
554987.0171874947,657377.2959204761,-102390.27873298142
600009.0395491241,300600.71302422247,299408.3265249016
865013.160284487,519062.2782033763,345950.88208111067
309991.4514148582,484408.4410195619,-174416.98960470367
428009.21298579307,426888.25220320094,1120.9607825921266
514988.5776090478,504815.9073127036,10172.670296344208
240001.39144624295,397702.17605082045,-157700.7846045775
644996.3907333472,642129.3659006583,2867.024832688854
719995.3265007565,884658.9544990588,-164663.62799830223
375007.010708327,413165.7252605038,-38158.714552176825
328995.7132409971,303286.9481419057,25708.765099091397
274992.74651726685,362018.95608632476,-87026.20956905792
199007.93952075846,344475.1993251677,-145467.25980440923
432008.26543733146,451767.1481505232,-19758.882713191735
529982.8889462198,644967.7725982632,-114984.88365204341
860010.6053878575,1029701.2653075624,-169690.6599197049
1289029.2839360489,871436.1329034824,417593.15103256644
455021.52294948127,562647.647983808,-107626.12503432669
387860.1052069491,501097.8937682405,-113237.78856129141
379989.9180867694,412511.92969206866,-32522.011605299253
248003.96179515906,540750.2199052117,-292746.2581100527
314991.2060133072,368808.542690777,-53817.33667746978
419995.8041119478,416503.82192860346,3491.982183344313
544977.615322981,451846.8700652651,93130.74525771593
475014.21077960083,441704.19970957545,33310.011070025386
669977.8961486298,561831.6550876176,108146.24106101226
448023.0674879409,376142.1856042848,71880.88188365608
199007.93952075846,256885.1272229959,-57877.187702237454
581985.0272453004,616080.2707815922,-34095.24353629188
279009.19018718053,391744.56000444276,-112735.36981726222
365017.28952338774,447455.94145517336,-82438.65193178563
574985.441311107,500691.9362342451,74293.50507686194
865965.1982857026,816901.861946386,49063.336339316564
229992.04491934925,343735.3001860463,-113743.25526669703
525024.3912403609,356661.1891136431,168363.20212671784
269008.9689904289,308494.57914732903,-39485.61015690013
580009.6382169717,562587.3820980091,17422.25611896254
242510.43030458415,336143.8950227614,-93633.46471817727
850007.1158332613,721266.6901854491,128740.4256478122
461021.5190700097,370740.32192254905,90281.19714746065
1300032.7312507497,1414220.915454709,-114188.1842039593
283991.6172550083,506442.3083231566,-222450.6910681483
225009.9719539956,312476.5135725789,-87466.54161858329
550014.5437275284,454454.84117877163,95559.70254875679
423792.8273235355,512631.53465693793,-88838.70733340242
249995.9508216961,325631.22575345193,-75635.27493175582
479980.13662664936,393850.08344784135,86130.05317880801
379989.9180867694,505059.9372999293,-125070.01921315992
796992.063694949,600526.9147465879,196465.14894836117
914195.7536607656,849271.141216137,64924.61244462861
445788.54311668617,370274.3591497097,75514.18396697647
155998.23935779426,190181.11233091916,-34182.872973124904
525024.3912403609,511645.77547826536,13378.61576209555
414985.9735637159,532306.1004662119,-117320.12690249603
434999.4301195662,251028.62046341677,183970.80965614945
328995.7132409971,291198.43198964,37797.28125135711
429982.5906544442,385764.0058078972,44218.58484654699
605009.8391871555,487174.9258500777,117834.91333707777
539986.8141491429,428184.343024015,111802.47112512792
379989.9180867694,401950.64855626615,-21960.730469496746
574985.441311107,410099.1610679481,164886.28024315892
335004.7534133102,312487.30557066563,22517.447842644586
411761.6740850676,351735.38642843923,60026.28765662835
291997.34828691825,436187.9812400048,-144190.63295308658
486990.55128614063,351052.28051837004,135938.2707677706
343897.8690576414,377626.9543819679,-33729.08532432647
549025.4080380053,540321.1025305416,8704.305507463752
719995.3265007565,691127.7015743236,28867.624926432967
489970.27255925577,467189.47398108826,22780.79857816751
272011.6023317929,362415.61408640025,-90404.01175460737
337999.60303101054,501789.13390383346,-163789.5308728229
709985.623343134,414625.8080286636,295359.8153144703
705033.0781109203,682738.6082380641,22294.469872856163
449953.71459461335,403957.6759027714,45996.03869184194
234005.52378967372,328421.6542800521,-94416.13049037839
875018.2305176305,871982.4177381202,3035.8127795102773
442501.88353617984,339476.8848604772,103024.99867570266
316000.7923491741,237856.1329435525,78144.65940562158
643514.6037429204,528229.6345513946,115284.96919152583
439986.7976045207,407154.35768646095,32832.43991805974
277007.53861063597,280900.2593955306,-3892.7207848946564
314991.2060133072,326496.8056491384,-11505.599635831197
452978.5262862565,411517.8369198626,41460.6893663939
345000.10487535974,343405.74442149885,1594.3604538608924
210007.81010831188,370165.9731252865,-160158.16301697463
541121.977963689,609526.1169374656,-68404.1389737766
380484.2262109481,352564.70082896564,27919.525381982443
337999.60303101054,375390.55812728236,-37390.95509627182
529982.8889462198,669432.9651986794,-139450.07625245955
299988.67412229633,385455.0567360307,-85466.38261373434
330017.18241123157,385534.8524348244,-55517.67002359283
508286.22351068846,396849.6124659991,111436.61104468937
475014.21077960083,648256.9794347581,-173242.76865515724
335004.7534133102,372813.12441922154,-37808.37100591132
484949.4802203502,467189.47398108826,17760.006239261944
843993.4391255886,827240.6665355177,16752.772590070963
960010.9791565229,695047.484676347,264963.4944801759
525024.3912403609,335599.5269999807,189424.86424038024
714972.9580129466,302839.3618501172,412133.59616282943
247508.4495489855,320118.98138395883,-72610.53183497334
525024.3912403609,483125.90261644626,41898.48862391466
355009.56082631194,402743.8530218451,-47734.29219553317
299988.67412229633,346642.0301207582,-46653.35599846189
978034.2804621974,832369.4333641458,145664.84709805157
609991.3160106216,525209.1567890283,84782.15922159329
600009.0395491241,530732.019446603,69277.02010252106
875018.2305176305,905199.5590304367,-30181.328512806213
500018.3116331437,389052.171855628,110966.13977751567
999989.4420914612,699528.6820794955,300460.76001196564
385000.53389145073,341043.11462773976,43957.419263710966
439986.7976045207,635774.9961382304,-195788.19853370974
266012.87796654284,248787.75976540867,17225.118201134173
460008.386582422,590635.2294688398,-130626.84288641781
342490.7743098424,459566.3157552455,-117075.54144540313
389999.2129395211,500240.0756185895,-110240.86267906835
915018.9001994401,490466.90862204926,424551.9915773908
582509.0495444841,244502.35037966308,338006.69916482107
499019.27438014245,382348.1139052838,116671.16047485865
253089.88973437945,290621.4661184028,-37531.57638402333
446502.3756994547,535952.9612887318,-89450.58558927709
510017.33789744286,430993.1551804867,79024.18271695619
236996.34546038418,278762.7639866193,-41766.418526235124
667503.5582807431,658050.0928530318,9453.465427711257
387511.1881484912,444610.1362089078,-57098.94806041662
308507.0578426749,317970.8740716003,-9463.816228925425
272011.6023317929,479085.54756172886,-207073.94522993598
1099977.1886910698,994091.5121564324,105885.67653463746
305010.0482107029,459719.894034483,-154709.8458237801
898516.1864384309,865189.0345240585,33327.15191437246
200005.4709687925,321325.1387198269,-121319.66775103437
534988.2162849667,563869.3241427339,-28881.10785776726
580009.6382169717,433006.992229822,147002.64598714968
622002.8787960031,636398.6026747238,-14395.723878720775
896003.8600147823,1108714.7428714614,-212710.88285667915
660003.2247661569,533824.8165591336,126178.40820702328
525024.3912403609,589537.0979109332,-64512.70667057228
412008.80522144574,342818.80699277716,69189.99822866858
444986.8454834047,388357.7944671148,56629.051016289915
438186.5447744967,387760.7751258035,50425.76964869321
240001.39144624295,542227.8653214211,-302226.47387517814
1300032.7312507497,1164872.868688907,135159.86256184266
1280037.5866052222,1419703.475029799,-139665.88842457673
698017.8817713809,654332.1114671888,43685.77030419209
355009.56082631194,403778.92592000845,-48769.36509369651
346105.87349716655,285592.9122834087,60512.961213757866
424981.1100595267,336412.05578600994,88569.05427351675
289989.50162086176,463005.1512505561,-173015.64962969435
325006.350135677,415326.0197331739,-90319.66959749686
494993.5444744353,613760.7350077863,-118767.19053335104
459502.65556023846,331323.22407433274,128179.43148590572
590013.088774859,571608.5912012964,18404.49757356255
294990.9627184533,533773.9602536008,-238782.99753514753
840035.9772820559,713272.8148629777,126763.16241907817
525024.3912403609,738420.7598377417,-213396.36859738082
205007.12220900704,217107.05056029733,-12099.928351290291
699975.0706260412,690369.6749620204,9605.39566402079
419198.5696966639,442371.18437783304,-23172.614681169158
373995.8574505884,337149.4238166537,36846.43363393465
749004.2974003104,473694.4613727407,275309.8360275697
385000.53389145073,553936.1593499995,-168935.62545854878
350004.04831045395,289884.92816059175,60119.120149862196
314991.2060133072,557893.7042534829,-242902.49824017566
800026.3951153775,644059.6410059084,155966.75410946913
355009.56082631194,517518.1627710764,-162508.60194476444
571488.7060045808,517185.13274296455,54303.573261616286
259004.31479938715,387414.1437510223,-128409.82895163514
1099977.1886910698,902991.0936493442,196986.09504172567
325006.350135677,433222.20650539,-108215.85636971297
254995.19988933546,365173.56948924897,-110178.36959991351
597494.2862616072,420102.0131042562,177392.273157351
875018.2305176305,983858.5986122892,-108840.36809465871
229005.20235826168,383160.1718871386,-154154.96952887694
399992.0696425668,416016.52421334875,-16024.454570781963
500018.3116331437,456022.55870284094,43995.752930302755
399952.0724354963,555823.4114705671,-155871.3390350708
234497.45173318934,340570.53000349563,-106073.07827030629
672999.5903942442,544391.409082423,128608.18131182122
309960.4538196224,374498.06082149426,-64537.60700187186
272011.6023317929,523771.50328240235,-251759.90095060947
399952.0724354963,358330.2749513178,41621.7974841785
1185055.3022170255,735401.0881607961,449654.21405622945
419995.8041119478,326424.8516439626,93570.95246798516
764976.1990716234,938518.0049854112,-173541.8059137878
328010.2051026126,235657.9078431097,92352.29725950293
769964.7395583643,552526.8538946471,217437.88566371717
609991.3160106216,576444.746238776,33546.56977184559
325006.350135677,413838.5053500988,-88832.1552144218
404982.85019720223,515300.07832356804,-110317.22812636581
565010.729379228,528264.6665495146,36746.06282971334
614030.5735837893,670912.5782783789,-56882.00469458965
544977.615322981,437052.2036429846,107925.41167999641
652587.1679601098,481506.94760411035,171080.22035599942
378019.0990830386,462514.00215520826,-84494.90307216963
414985.9735637159,342180.5856663826,72805.38789733325
277506.60120172,529052.6367343685,-251546.0355326485
285757.83489890565,480164.22253311146,-194406.3876342058
585019.2314809182,607360.53947799,-22341.307997071766
1375049.1033878967,922686.7900470058,452362.3133408909
449998.7122159163,493180.7090534352,-43181.99683751888
421005.0045979834,488265.20379300637,-67260.19919502299
326015.4330915721,425903.71388852666,-99888.28079695458
572518.3120428295,641517.0349123076,-68998.72286947817
433479.5933799415,735903.9751891355,-302424.38180919405
417984.6548717913,319817.9380630218,98166.7168087695
624995.6695659152,534902.5951626525,90093.0744032627
291997.34828691825,430304.7929544693,-138307.44466755103
780039.6260472154,588439.990041832,191599.63600538345
252003.93967441836,351231.97880806634,-99228.03913364798
367507.86545329663,562526.6476096617,-195018.78215636505
299898.6910182003,422999.7019730059,-123101.01095480559
458997.4805363234,479933.1525015965,-20935.671965273097
484997.9775932012,490108.9714735152,-5110.993880313996
1014290.5900132573,425568.084025381,588722.5059878763
418989.02280290506,396313.39603954647,22675.626763358596
303488.8042488113,308953.19295764074,-5464.388708829414
449998.7122159163,493703.28421258274,-43704.57199666643
999989.4420914612,823621.8757433638,176367.5663480974
314959.7084676095,337994.8532816313,-23035.144814021827
460008.386582422,359104.6069690086,100903.77961341344
209902.83244985962,243535.6611240693,-33632.82867420968
272011.6023317929,392197.9547813436,-120186.3524495507
339897.7105486483,557812.4186963105,-217914.70814766217
609991.3160106216,728340.7212916901,-118349.40528106852
254995.19988933546,388967.2113686985,-133972.01147936305
774985.8111698879,701167.311914617,73818.49925527093
460008.386582422,510360.6635154897,-50352.27693306771
399912.0792279459,305358.17013857584,94553.90908937005
439942.801124621,392273.2450277258,47669.55609689519
379003.22755327326,428481.1909490779,-49477.96339580463
347006.9196206302,439379.3244192956,-92372.40479866537
1274927.6629194033,935774.3699875083,339153.292931895
514988.5776090478,417344.84656560206,97643.73104344576
160797.32499734825,315184.547652631,-154387.22265528276
460008.386582422,348902.44159457367,111105.94498784834
499019.27438014245,473004.0279080472,26015.246472095256
409994.9001727164,482429.5082310526,-72434.60805833619
205993.52186088808,289495.64556650363,-83502.12370561555
240001.39144624295,448575.991516696,-208574.60007045305
280407.7295729586,390278.8822553095,-109871.15268235089
1199961.4629089332,569464.2204246772,630497.2424842559
385000.53389145073,375524.70956388593,9475.824327564798
830015.7869387278,1006053.022339327,-176037.2354005992
325006.350135677,297979.16544514516,27027.184690531867
394983.7879988166,302294.67734513624,92689.11065368034
596002.4161605954,551680.533444734,44321.88271586131
724980.473231278,877287.9713981188,-152307.49816684076
270006.14581520704,384307.65466405766,-114301.50884885062
203007.86477349082,296737.2327284563,-93729.3679549655
365017.28952338774,313609.5461555271,51407.74336786062
554987.0171874947,532303.1452485682,22683.871938926517
858034.8539805609,785284.6522666425,72750.20171391836
588010.4506869809,550126.0716304262,37884.37905655464
325006.350135677,286179.5445770472,38826.8055586298
274992.74651726685,439879.1658683933,-164886.41935112647
218010.8257626644,473528.2201917607,-255517.39442909628
1475046.3927893906,1079850.5512043112,395195.84158507944
961548.2261928578,946273.7545547886,15274.471638069255
620015.6508443463,581648.1915450623,38367.45929928392
656974.18207164,526759.7507186289,130214.43135301117
407175.67288095667,597070.993124958,-189895.32024400134
539986.8141491429,547146.2011680045,-7159.387018861598
399952.0724354963,431258.98903709085,-31306.916601594537
434999.4301195662,397824.9831638752,37174.44695569103
452978.5262862565,313367.0362630172,139611.49002323928
284987.32939519046,406245.3468690599,-121258.01747386943
807985.9914188251,565146.1192446136,242839.87217421154
446993.7985457382,341881.32484583516,105112.47369990306
1500036.501335451,464536.9394515864,1035499.5618838645
820033.1128914005,592445.5224692704,227587.59042213007
719995.3265007565,719341.4744761052,653.8520246513654
496977.4838859048,491295.1122770247,5682.3716088800575
329951.18557465315,397166.2187679708,-67215.03319331765
218490.9775526501,412932.3101916525,-194441.33263900242
616491.6146789271,764635.7406301913,-148144.12595126417
150001.41404490612,257171.58994245002,-107170.1758975439
336987.123700273,408177.98341350356,-71190.85971323057
325006.350135677,449179.73687681707,-124173.38674114004
470993.7013597965,479848.36743400677,-8854.666074210254
238995.49945401298,255630.60968865655,-16635.110234643565
426002.28964901064,375724.01392097963,50278.275728031
455021.52294948127,508598.29497868737,-53576.7720292061
550014.5437275284,479557.58226842986,70456.96145909856
375007.010708327,331394.80778927804,43612.202919048956
629008.4691126744,614139.1567104026,14869.312402271782
282010.61752236326,411223.54165015573,-129212.92412779247
890020.7001203166,1024771.869156499,-134751.16903618246
521988.0636330612,537172.5644733399,-15184.50084027875
652000.1037274774,503675.35719134426,148324.7465361331
997991.4618535088,710200.2805589201,287791.1812945887
1280037.5866052222,702665.8776971035,577371.7089081187
500018.3116331437,449877.6084380288,50140.70319511491
607009.669561745,643761.3518915144,-36751.68232976936
478016.2467917236,637301.2948664872,-159285.04807476356
350004.04831045395,533426.4182805112,-183422.36997005722
299988.67412229633,362232.12829577853,-62243.4541734822
705033.0781109203,649176.5166959863,55856.561414933996
199007.93952075846,355112.9730944628,-156105.03357370436
289989.50162086176,392420.36664806085,-102430.86502719909
655006.2129550765,557127.7418636684,97878.47109140805
671990.8477547716,532093.3358968762,139897.5118578954
274992.74651726685,522648.6320585131,-247655.88554124627
305010.0482107029,413461.640964013,-108451.5927533101
897977.2384271394,368829.9463799926,529147.2920471467
685017.7299170608,913755.1849098352,-228737.4549927744
294990.9627184533,264098.65646543767,30892.306253015646
719995.3265007565,427324.4331642762,292670.89333648037
1500036.501335451,956113.6702610312,543922.8310744197
439019.8906374402,664593.821302238,-225573.93066479784
699975.0706260412,460121.9411917108,239853.12943433033
444986.8454834047,707627.9499134333,-262641.1044300286
249995.9508216961,429519.80935093894,-179523.85852924283
760019.978943089,527434.7055933324,232585.2733497566
611029.1831849858,521942.11169914133,89087.07148584444
190003.9233234075,294470.1738181225,-104466.25049471497
325006.350135677,428531.3362571157,-103524.98612143868
375007.010708327,448755.15872720955,-73748.14801888255
422481.10378079565,371583.2971644444,50897.80661635124
250596.66166834292,366699.5253175822,-116102.86364923927
349514.38548677403,342380.7125765994,7133.672910174646
385000.53389145073,372506.35366461345,12494.180226837285
362000.18432758434,229600.54754636172,132399.63678122262
1085010.2587704824,996556.8889701084,88453.36980037403
343004.8959661516,398284.54294092755,-55279.64697477594
265003.9472127818,326997.30239194364,-61993.35517916182
309991.4514148582,592507.4767011543,-282516.02528629603
397519.79079473944,343048.91815105476,54470.87264368468
600009.0395491241,398764.45673017745,201244.58281894663
282999.38401568943,370450.04951922613,-87450.6655035367
529982.8889462198,567266.3895944403,-37283.500648220535
215001.4389762084,375560.6587283833,-160559.21975217492
790009.3027446414,660404.2632014157,129605.03954322578
623996.4760625738,540307.6571206728,83688.81894190109
903020.0175654622,1027452.9528333346,-124432.93526787241
352462.6717914394,427125.74184902594,-74663.07005758653
174992.78089041667,278621.84703829954,-103629.06614788287
429982.5906544442,338819.19122751435,91163.39942692983
365017.28952338774,189818.58849116985,175198.70103221788
730000.1364190738,555860.3935158518,174139.74290322198
568979.679604136,618043.8255451679,-49064.145941031864
529982.8889462198,520419.3541738725,9563.53477234731
424981.1100595267,373760.778187472,51220.33187205467
130001.33517995293,217997.09421913835,-87995.75903918542
151599.88596797702,249193.93322225765,-97594.04725428062
234990.41381084712,416509.99906610185,-181519.58525525473
605009.8391871555,608685.1716557054,-3675.332468549954
1294972.4775075414,1315311.2085188748,-20338.73101133341
335004.7534133102,334665.96156471147,338.7918485987466
234990.41381084712,389127.2674861464,-154136.8536752993
207005.3671143447,359614.8211589303,-152609.4540445856
376999.82415587525,361141.47180467896,15858.352351196285
379989.9180867694,464154.9490729148,-84165.03098614537
270006.14581520704,348272.02642498165,-78265.88060977461
812036.0380549165,737687.9567213239,74348.08133359265
1072496.857810932,843451.4285750064,229045.42923592555
321997.8025099507,400105.9093437591,-78108.10683380842
231746.64348984454,283273.3154394312,-51526.67194958663
339490.0779244807,368391.5312796828,-28901.453355202102
305957.04644903785,585412.2821515391,-279455.23570250126
466493.7959320169,395570.93335316796,70922.86257884896
345000.10487535974,301434.53239337355,43565.57248198619
179997.81663621942,309573.7223076961,-129575.9056714767
580009.6382169717,502608.7436776415,77400.89453933015
780039.6260472154,922505.3279287721,-142465.70188155666
510017.33789744286,426537.36255838023,83479.97533906263
275488.17921666085,240921.13505178015,34567.0441648807
279987.4332796247,422306.56499688915,-142319.13171726448
520008.2729758518,436870.25581264717,83138.01716320461
730000.1364190738,918680.0125241115,-188679.87610503775
579487.8643760248,448753.94420559617,130733.92017042864
840035.9772820559,1100149.40902783,-260113.4317457741
635012.5236729799,519718.50371260865,115294.01996037125
266998.9487209722,428827.2038625557,-161828.25514158345
284987.32939519046,395601.469898181,-110614.14050299051
537992.5545920897,377792.9694312723,160199.58516081743
350004.04831045395,443688.3216768042,-93684.27336635027
600009.0395491241,553986.9099262157,46022.129622908426
661522.9792307949,437367.88243028126,224155.09680051368
670514.0929156595,390465.23649661284,280048.8564190467
655268.2678477424,401091.376409794,254176.89143794845
426983.2225556181,396281.16348329594,30702.059072322154
449998.7122159163,532643.3627194744,-82644.65050355805
805001.967099839,647230.514299831,157771.452800008
585019.2314809182,448848.5420562523,136170.68942466594
352497.9198209906,328433.1896448554,24064.7301761352
424981.1100595267,378991.083988977,45990.02607054968
432008.26543733146,406991.43262997724,25016.83280735422
605009.8391871555,521337.9036095653,83671.9355775902
1039967.4785462355,996145.3471763203,43822.13136991521
314991.2060133072,428975.4742238339,-113984.26821052667
164999.87577439836,373163.4825046652,-208163.60673026685
409953.9027326054,347982.7578683394,61971.14486426598
632983.7313961054,604700.5338164739,28283.197579631465
534988.2162849667,220334.8757138249,314653.3405711418
314959.7084676095,350548.69734261086,-35588.98887500138
749978.6361699108,489199.22166050127,260779.41450940951
450989.79917871207,462025.402347605,-11035.603168892907
314991.2060133072,372395.89688145224,-57404.69086814503
393013.79813761974,400726.3205506451,-7712.522413025377
167996.76462240776,381332.81734658283,-213336.05272417507
675021.6206943546,468432.4105702325,206589.21012412215
399952.0724354963,506337.6595901747,-106385.58715467836
386002.83770990116,586529.2103898559,-200526.37267995474
528976.877470765,741966.9222124864,-212990.04474172136
401997.0382352448,485129.5789634332,-83132.54072818841
375007.010708327,393528.16936073184,-18521.158652404847
369978.4353188998,366398.06455554866,3580.3707633511513
438011.30520683737,501042.18997586006,-63030.8847690227
263497.7215349544,243727.3241175411,19770.397417413275
379003.22755327326,421636.6889081584,-42633.461354885134
439986.7976045207,388622.77196978254,51364.02563473815
607981.6624199718,503530.2603222975,104451.40209767426
330017.18241123157,406063.1601653912,-76045.97775415966
1309950.6202483869,1296771.3650134236,13179.25523496326
482000.292558309,341504.7855267634,140495.50703154557
320007.5921617715,576113.6736621043,-256106.0815003328
574985.441311107,411651.47137029265,163333.96994081436
607495.4715922972,525585.6407072664,81909.8308850308
399992.0696425668,345073.05577073724,54919.01387182955
409994.9001727164,319605.0614966513,90389.83867606509
805001.967099839,766537.8253861367,38464.14171370235
322997.54449718515,392544.9014078757,-69547.35691069055
612007.6124127322,593433.1557609647,18574.456651767483
96500.16527307853,223244.91728502588,-126744.75201194735
399952.0724354963,428428.1709744184,-28476.098538922088
240001.39144624295,372697.8154153943,-132696.42396915136
184997.94576021977,186512.8031289663,-1514.8573687465396
647970.20866814,557605.1898165083,90365.01885163167
234990.41381084712,297004.0458617761,-62013.63205092898
122002.88854091683,239993.26649802973,-117990.3779571129
863975.7670525712,890222.0699563262,-26246.302903754986
325006.350135677,355894.69689438905,-30888.346758712025
869957.8141740499,747833.0957957187,122124.71837833116
736010.7473631623,652112.0306836789,83898.71667948342
774908.3164635695,607313.0400612357,167595.27640233387
1199961.4629089332,936063.2140902973,263898.2488186358
565010.729379228,590472.9044144865,-25462.175035258522
675967.3127933332,538810.1036715339,137157.20912179933
240001.39144624295,528170.9500332793,-288169.5585870363
439986.7976045207,350539.4538983679,89447.34370615281
910000.1105713466,675084.0932263659,234916.01734498073
999989.4420914612,379713.59443211136,620275.8476593498
299000.3431407227,499776.0057718188,-200775.6626310961
455021.52294948127,385587.1762928934,69434.34665658785
477586.2257081244,488232.696419467,-10646.470711342583
219893.80406551724,229836.38522412718,-9942.581158609944
360014.6485423943,606392.8099915934,-246378.16144919908
449998.7122159163,293645.57203852816,156353.14017738815
345000.10487535974,374768.6983129444,-29768.59343758464
328010.2051026126,319991.2826224141,8018.9224801984965
429982.5906544442,324012.624638081,105969.96601636318
639920.9934620424,480085.2394725598,159835.7539894826
348014.70026317565,549165.6152556391,-201150.91499246343
360014.6485423943,503334.2231842199,-143319.57464182563
646029.2109943943,543375.4061221923,102653.80487220199
355009.56082631194,450365.93647992477,-95356.37565361283
1265021.9098078825,1502820.6049501991,-237798.69514231663
678473.024558836,692123.5459323383,-13650.521373502328
244996.69508820938,452968.55986033153,-207971.86477212215
272501.6641393,323216.459236256,-50714.79509695602
439986.7976045207,386803.05487949663,53183.74272502406
1150031.6250444886,805448.666264948,344582.9587795406
155003.03866507058,341783.2239965455,-186780.1853314749
709985.623343134,700642.2652033009,9343.358139833086
877471.7148381846,854183.4124176516,23288.30242053303
265003.9472127818,269510.38913587027,-4506.441923088452
404982.85019720223,452386.68893184536,-47403.83873464313
594990.0727887946,396545.7755458097,198444.29724298493
262997.5511763468,399340.7669349387,-136343.21575859195
339999.6951587399,447542.4603063813,-107542.76514764136
261006.34595158586,377328.6957877062,-116322.34983612032
580009.6382169717,485430.05830611667,94579.57991085498
284987.32939519046,260889.2416150779,24098.087780112575
279987.4332796247,343859.0268248369,-63871.593545212236
354016.92439552414,571724.0050396175,-217707.0806440934
359008.0174676456,333938.294384221,25069.723083424557
319911.6042830249,407377.3406078404,-87465.73632481549
399992.0696425668,416453.14477655926,-16461.075133992475
327191.20376808755,326814.4935871941,376.71018089342397
547983.2501262657,631544.8475126352,-83561.59738636948
498022.2332049041,456808.19214349973,41214.041061404394
294990.9627184533,296288.4747887805,-1297.5120703271823
1015000.8419854533,534806.2110790453,480194.63090640795
949983.5997436772,1028069.8757224393,-78086.27597876207
689967.6559224206,622770.1749071926,67197.48101522797
600009.0395491241,635171.9127358374,-35162.87318671332
195008.8068774212,350736.768855475,-155727.96197805382
330017.18241123157,329773.1626314884,244.01977974316105
855036.981329096,951981.6338509382,-96944.65252184216
305010.0482107029,321355.8167539476,-16345.768543244689
308013.84122863744,326057.06209532457,-18043.22086668713
296499.25951591926,384174.51745821186,-87675.2579422926
337999.60303101054,492698.9452948015,-154699.34226379095
379989.9180867694,464567.46663940983,-84577.54855264042
620015.6508443463,479598.00152916333,140417.64931518293
632983.7313961054,476607.2351912733,156376.49620483204
385000.53389145073,517639.8230975326,-132639.28920608188
698995.7911827238,674436.6664308698,24559.12475185399
439986.7976045207,500003.58488260885,-60016.78727808816
407990.83912123705,450835.14405418205,-42844.304932945
699975.0706260412,777446.5207536448,-77471.4501276036
174992.78089041667,324363.46229999786,-149370.6814095812
730000.1364190738,487459.19727305614,242540.93914601766
210007.81010831188,403543.3095776068,-193535.4994692949
850007.1158332613,810947.9482046135,39059.16762864776
600009.0395491241,507415.14085563004,92593.89869349403
452978.5262862565,630774.7432196401,-177796.2169333836
490019.2720364446,466279.0045793027,23740.26745714195
685017.7299170608,813997.0932070339,-128979.36328997312
246989.22717923496,281690.94502868183,-34701.71784944687
388015.28028197825,342373.73272294353,45641.54755903472
800026.3951153775,610798.9473045788,189227.44781079865
470005.652401455,528255.2407252351,-58249.5883237801
370015.4350123861,353184.86503025185,16830.56998213427
280491.86451144004,454882.13245689846,-174390.2679454584
270006.14581520704,464296.78056467505,-194290.634749468
484997.9775932012,403594.54261369683,81403.43497950438
424981.1100595267,422337.9744838235,2643.1355757031706
449953.71459461335,725026.594657349,-275072.8800627357
719995.3265007565,1017225.9565828987,-297230.6300821422
802510.3250424083,883791.3039557437,-81280.97891333536
284987.32939519046,289265.836244653,-4278.506849462516
284987.32939519046,252152.91176810543,32834.41762708503
284987.32939519046,356398.533726181,-71411.20433099056
252508.45189781958,334600.0968052458,-82091.6449074262
1030031.5594714928,846316.1355530279,183715.42391846492
404012.0567748167,361804.4509269592,42207.605847857485
649982.0330316388,366471.6497743229,283510.3832573159
550014.5437275284,274478.91313575715,275535.6305917713
355009.56082631194,477024.10285161325,-122014.54202530131
800026.3951153775,631684.1166835587,168342.27843181882
630015.6882236699,377050.82993655535,252964.85828711453
609991.3160106216,462910.6104818719,147080.70552874974
299988.67412229633,223820.01960128112,76168.65452101521
494993.5444744353,428794.57069927483,66198.97377516044
774985.8111698879,579066.0596055421,195919.7515643458
118125.15772107271,253236.76399234944,-135111.60627127672
612987.6083803008,520165.9812368015,92821.62714349933
639025.7309012142,614445.2210495418,24580.509851672337
446457.7276943223,394871.5059975629,51586.2216967594
529982.8889462198,430968.83078547247,99014.05816074734
190003.9233234075,254665.35176756102,-64661.42844415351
397997.10087246215,373227.6708680612,24769.430004400958
590013.088774859,565858.2899037026,24154.79887115641
479980.13662664936,477532.04204289545,2448.094583753904
379268.62269002147,342764.3421630999,36504.28052692156
647970.20866814,741327.5914664633,-93357.38279832329
565010.729379228,493918.6500059361,71092.07937329187
484997.9775932012,524029.1077877112,-39031.130194509984
1599977.3006250064,1226345.7817951592,373631.5188298472
424981.1100595267,652536.5227274225,-227555.41266789584
399992.0696425668,478113.4099826719,-78121.34034010512
716475.978844287,740781.246985097,-24305.26814080996
784969.388136717,692991.2400599995,91978.14807671751
225009.9719539956,344590.6916732275,-119580.71971923191
389999.2129395211,378241.81229273253,11757.400646788592
512522.55562404904,544830.8534188182,-32308.29779476917
818967.7624724504,569267.0854347246,249700.6770377258
434999.4301195662,303487.5870504925,131511.8430690737
465003.4016876277,409390.44697043684,55612.95471719088
316000.7923491741,614124.5045739028,-298123.7122247287
608103.2709128995,707670.1240687822,-99566.85315588268
728905.9570541275,691874.9517270724,37031.005327055114
404497.1622480173,430633.4601128142,-26136.297864796885
529876.902967382,556207.9632067821,-26331.060239400133
199905.49322982595,371873.19023680745,-171967.6970069815
424981.1100595267,384697.7075830979,40283.402476428775
345000.10487535974,502879.5520407515,-157879.44716539176
883017.2366937099,919271.1526582048,-36253.915964494925
320007.5921617715,379088.45572238043,-59080.86356060894
264500.9177424022,332077.6288172994,-67576.7110748972
534988.2162849667,858835.713008483,-323847.4967235164
429939.5945452194,522117.45146124146,-92177.85691602208
699975.0706260412,494821.29885573254,205153.7717703086
479980.13662664936,880084.2184661666,-400104.0818395173
302095.96174307424,360358.7576217024,-58262.79587862815
469019.67616880307,569592.5593742761,-100572.88320547302
399952.0724354963,654784.63089643,-254832.55846093368
174992.78089041667,366888.0747727477,-191895.29388233103
303003.61042058334,351621.8161685141,-48618.20574793074
201995.35882388373,259824.4776755304,-57829.118851646665
855036.981329096,832069.1108282506,22967.87050084537
244996.69508820938,364447.3872643295,-119450.6921761201
342011.6227101897,230786.1965767134,111225.42613347631
345000.10487535974,257539.38964130613,87460.71523405361
265003.9472127818,289649.6318196121,-24645.6846068303
751029.3415827226,680597.6216227532,70431.7199599694
710980.2993265379,374305.24208341324,336675.05724312464
322513.4113710589,361600.4313839415,-39087.020012882596
469019.67616880307,471193.3701952903,-2173.694026487239
711976.3688315575,540089.9954096009,171886.37342195655
210007.81010831188,331325.3797703746,-121317.56966206274
553988.9390963207,353062.98423409794,200925.95486222272
412998.8138891743,555024.8519995655,-142026.03811039118
202500.97898279855,329103.1655897511,-126602.18660695254
624995.6695659152,652684.8826577074,-27689.21309179219
620015.6508443463,442730.13324500073,177285.51759934553
476489.0396366541,454620.2294602246,21868.810176429455
332235.7213396189,438030.94610235037,-105795.22476273146
379496.25214564346,430394.66714492306,-50898.4149992796
320007.5921617715,446323.3169327518,-126315.7247709803
424981.1100595267,342999.2757239419,81981.83433558478
429982.5906544442,386617.5174020718,43365.073252372385
494944.0475948732,505676.73575919046,-10732.688164317282
305010.0482107029,334782.1142699436,-29772.066059240722
514988.5776090478,629972.0183088351,-114983.44069978729
649982.0330316388,494692.7334138735,155289.29961776535
345000.10487535974,628982.5209338218,-283982.41605846205
574985.441311107,538024.2169124448,36961.22439866222
624995.6695659152,502076.187932979,122919.48163293622
455021.52294948127,784705.8496910474,-329684.3267415662
313012.99930945504,538287.088906054,-225274.089596599
289989.50162086176,372371.3190412067,-82381.81742034492
636029.3569605622,492011.8588714962,144017.49808906595
263998.8431206233,494758.4546743709,-230759.61155374756
644996.3907333472,544384.6311538239,100611.75957952323
182006.92230891492,329988.60868638963,-147981.68637747472
244996.69508820938,441804.6449107426,-196807.9498225332
350004.04831045395,225227.44081804965,124776.60749240429
282010.61752236326,393714.7741918243,-111704.15666946105
1360006.4495266527,1293421.904567686,66584.54495896678
360014.6485423943,470895.7263201235,-110881.0777777292
369904.44703091163,388636.0973899544,-18731.650359042746
391014.530233684,340278.27214907424,50736.258084609755
370496.7678764757,353256.77032221865,17239.997554257046
463981.51868737454,517191.3201300398,-53209.80144266528
414985.9735637159,556900.8271278846,-141914.85356416873
641009.7843609747,466490.6638062631,174519.12055471155
591016.964078017,556464.7570890875,34552.20698892954
335004.7534133102,375045.2170020048,-40040.463588694576
550014.5437275284,664680.9262313988,-114666.38250387041
679967.308322311,404469.64655558823,275497.6617667228
539986.8141491429,488633.78341367416,51353.03073546878
736968.1835334066,701423.5449157013,35544.63861770532
328995.7132409971,490251.95430993737,-161256.24106894026
465003.4016876277,518980.6114801684,-53977.2097925407
600009.0395491241,502100.80380309955,97908.23574602453
267988.67469518003,318765.1609386303,-50776.48624345026
205952.32727611178,295669.8283091845,-89717.50103307274
574985.441311107,594736.6333240923,-19751.192012985237
184997.94576021977,230132.1620294934,-45134.21626927363
1037993.4162900057,652613.4846259584,385379.9316640473
179997.81663621942,314627.44982444297,-134629.63318822355
902027.2416729865,721332.4797205684,180694.76195241814
429982.5906544442,381696.6183926803,48285.972261763876
263998.8431206233,377263.36807495955,-113264.52495433623
398993.3384026822,484530.3387309352,-85537.00032825297
209944.81721468602,387608.8753390007,-177664.0581243147
360014.6485423943,463690.58957097447,-103675.94102858019
424981.1100595267,498924.4967569988,-73943.38669747213
769964.7395583643,688472.1666461426,81492.57291222166
363015.20520978933,355950.24835648015,7064.956853309181
332003.23771344335,505608.64081424,-173605.40310079663
500018.3116331437,495707.7637844421,4310.5478487015935
379951.9209948471,403763.72752247617,-23811.806527629087
169007.7752088714,281518.77712336025,-112511.00191448885
810008.4834590409,563666.1202106159,246342.36324842495
330017.18241123157,234004.39612487576,96012.78628635581
639984.9887611001,565271.7647687043,74713.2239923958
229946.05110989933,290626.7896129963,-60680.738503096945
647516.7882377376,499788.4653416732,147728.32289606443
398993.3384026822,262865.67998999625,136127.65841268597
289989.50162086176,422028.5068044683,-132039.00518360652
592022.5474206127,473126.900117386,118895.64730322664
504993.0773774131,348954.5145905986,156038.56278681452
233001.46032093017,309827.67706897,-76826.21674803982
492524.7538718816,341529.53200308204,150995.22186879953
804036.5441089653,658164.1637024451,145872.3804065202
975007.0687951403,807733.264393818,167273.80440132227
201995.35882388373,229013.6568261757,-27018.298002291966
669977.8961486298,396681.0235914664,273296.8725571634
760019.978943089,642245.0571992075,117774.92174388154
402519.97421969386,345685.2766013606,56834.69761833327
339999.6951587399,295200.67158619,44799.02357254992
609991.3160106216,321099.39862536016,288891.91738526145
638259.3599386754,651267.1964371967,-13007.836498521268
332003.23771344335,320668.62925727444,11334.608456168906
475014.21077960083,409041.22055794153,65972.9902216593
651022.8367053902,538491.6077911644,112531.22891422582
644996.3907333472,474328.32807375485,170668.0626595923
419995.8041119478,444731.0910130567,-24735.28690110892
299988.67412229633,255857.3574934137,44131.31662888263
325006.350135677,493128.98747929407,-168122.63734361704
470005.652401455,440637.5800581574,29368.072343297594
624995.6695659152,583544.094470421,41451.57509549428
660003.2247661569,640057.9273110719,19945.297455084976
305010.0482107029,399599.86477338657,-94589.81656268367
424981.1100595267,388424.9603173333,36556.149742193404
272011.6023317929,325863.5968467758,-53851.994514982915
1575053.8182885277,1571948.4322873685,3105.386001159204
780039.6260472154,657685.2752650877,122354.3507821277
434521.19382461865,377233.32511330355,57287.868711315095
352744.75474701036,300888.0065665695,51856.74818044086
299000.3431407227,244313.75361721864,54686.58952350408
288398.9374230364,373986.3802940136,-85587.44287097722
594990.0727887946,639873.1984784881,-44883.125689693494
333500.6188639126,428103.28725903155,-94602.66839511896
336987.123700273,317987.56227392226,18999.56142635073
424981.1100595267,394660.17751105595,30320.932548470737
299509.0760244932,319342.73695798026,-19833.66093348706
1029928.5614655319,933863.7436645715,96064.81780096039
374969.51188222884,404063.0969473711,-29093.58506514225
218994.08515297496,300288.2044451381,-81294.11929216314
608529.0922226093,535677.4128046976,72851.67941791168
835010.8518699668,1548226.5656918513,-713215.7138218845
205007.12220900704,313640.50432750134,-108633.38211849431
177495.404957653,322667.183002087,-145171.778044434
174992.78089041667,342221.25829186017,-167228.4774014435
207108.89567788568,332951.31535916985,-125842.41968128417
783009.4156527994,655880.4422582135,127128.97339458589
624995.6695659152,539065.5387592152,85930.1308067001
409994.9001727164,348623.985098282,61370.91507443442
259990.4035777104,365352.0877172463,-105361.68413953591
639984.9887611001,444587.534442602,195397.4543184981
1084467.8892447772,842270.2199924146,242197.66925236257
197995.58273329292,423403.9743109065,-225408.39157761357
376999.82415587525,366848.7044247391,10151.119731136132
277146.07701165497,365319.35388994636,-88173.27687829139
824968.1017303081,716949.9763116457,108018.12541866244
279009.19018718053,424873.786352006,-145864.5961648255
352004.7680200499,162466.74377991108,189538.02424013882
1049999.2417598825,1230756.987172222,-180757.74541233946
450989.79917871207,322342.882707813,128646.91647089907
744970.5750466443,719457.1066741677,25513.468372476636
335004.7534133102,506595.82785437215,-171591.07444106194
1300032.7312507497,765639.4064351938,534393.3248155558
536488.2824030872,483238.4332238024,53249.84917928482
339965.6968891653,494598.09538810485,-154632.39849893952
412503.512552745,324045.1402666238,88458.37228612119
229992.04491934925,245552.54499445888,-15560.500075109623
660003.2247661569,670178.7572976549,-10175.532531498
299958.6767547775,258072.90658450767,41885.770170269825
259990.4035777104,440152.69117752096,-180162.28759981054
769964.7395583643,876344.0623149949,-106379.3227566306
314991.2060133072,410956.89719298156,-95965.69117967435
510987.29200405435,450943.5295535698,60043.76245048456
539015.7121376827,483555.14595742465,55460.56618025806
345000.10487535974,468795.2797216174,-123795.17484625767
321997.8025099507,428452.0327869151,-106454.23027696437
219959.7821029475,228618.6017353543,-8658.819632406812
617972.971471256,413047.5827449339,204925.3887263221
170501.60684974838,286788.8249202047,-116287.21807045632
779026.2333813059,712024.7809026465,67001.45247865946
355009.56082631194,364043.97531407175,-9034.414487759816
767504.7904095721,652333.5770191937,115171.2133903784
262498.3302391841,787622.683970717,-525124.3537315329
432008.26543733146,368026.54927061504,63981.71616671642
499019.27438014245,501271.0924529373,-2251.81807279482
328962.8153145968,457857.3530529586,-128894.5377383618
824968.1017303081,551656.7177934401,273311.38393686805
319495.98940565955,286273.10523389356,33222.884171765996
695022.8488154652,523144.9046517609,171877.94416370435
339999.6951587399,451271.51713983703,-111271.8219810971
325006.350135677,460881.0881737442,-135874.73803806718
533012.4173667677,505716.1580779315,27296.259288836154
1139955.7456364182,918176.9805995243,221778.7650368939
1080030.6734071395,1204172.3613270489,-124141.68791990937
639984.9887611001,358115.32627033547,281869.66249076463
1125007.2071998452,693887.6689124999,431119.5382873453
379989.9180867694,342612.9033567474,37377.014730022
412998.8138891743,414549.6838107894,-1550.8699216150562
537992.5545920897,522559.08834896795,15433.466243121773
830181.8066975378,681481.3936088929,148700.41308864485
570004.7653278012,566793.654272354,3211.1110554472543
227999.79299055412,334351.763644745,-106351.97065419087
218994.08515297496,338482.23928981804,-119488.15413684308
414985.9735637159,360029.9667284338,54956.00683528208
496977.4838859048,428434.480044565,68543.00384133979
238995.49945401298,285210.53154296416,-46215.03208895118
428009.21298579307,462108.6382877989,-34099.42530200584
291705.49688865157,417068.5157254722,-125363.01883682061
865013.160284487,770983.323333711,94029.83695077593
589954.0904159487,508100.06346639205,81854.0269495566
532000.6552521519,437867.46461526176,94133.19063689013
980972.7888623032,913771.0615452507,67201.72731705254
1062462.6221404723,629929.8191990253,432532.802941447
399992.0696425668,451389.15055649035,-51397.080913923564
455841.29926813726,408865.01528758137,46976.28398055589
329885.20193612215,340839.69804433186,-10954.496108209714
370015.4350123861,370635.2354708476,-619.8004584614537
309991.4514148582,322332.9740983674,-12341.52268350916
525024.3912403609,420505.6836986562,104518.7075417047
399992.0696425668,375476.9456284991,24515.124014067696
293490.33865255886,341585.3179367696,-48094.97928421077
176999.1129568167,246674.50174081052,-69675.38878399381
325006.350135677,505705.9499488895,-180699.59981321247
514988.5776090478,744958.1827666836,-229969.60515763581
494993.5444744353,609580.3643213179,-114586.8198468826
265003.9472127818,316276.0504091036,-51272.10319632181
229992.04491934925,320302.7530423299,-90310.70812298066
406240.2449877754,519887.47783532704,-113647.23284755164
249995.9508216961,383554.0638457284,-133558.1130240323
689829.6761896696,665377.5963862549,24452.07980341476
676982.0246061244,592887.5257806111,84094.49882551329
309991.4514148582,306064.3806634408,3927.0707514174283
570974.5975526825,668428.7677529734,-97454.17020029086
385000.53389145073,412738.73163911636,-27738.197747665632
500018.3116331437,456301.8036181229,43716.50801502081
624995.6695659152,486989.2861515712,138006.38341434405
269008.9689904289,334926.81756171683,-65917.84857128793
356218.6476159106,568277.9452905162,-212059.29767460562
947516.850547899,1275627.5420478838,-328110.6914999848
654024.4401493305,780549.2241787297,-126524.78402939916
1267554.4853588582,1020381.0800124038,247173.40534645447
1199961.4629089332,930922.7138453582,269038.74906357494
384000.8326780749,433914.8414800528,-49914.00880197791
197995.58273329292,235246.551609639,-37250.96887634607
378510.8434764478,300047.6014266698,78463.242049778
265003.9472127818,455775.6684826322,-190771.7212698504
419995.8041119478,322757.48974761786,97238.31436432991
1017134.5833979563,944340.5994791915,72793.98391876486
279987.4332796247,257589.07203035674,22398.36124926794
294990.9627184533,588161.528883174,-293170.5661647206
397997.10087246215,417028.30927197734,-19031.20839951519
500018.3116331437,401417.8848525223,98600.4267806214
163799.762424471,296699.1354562439,-132899.37303177288
780507.7902580623,782557.5415835049,-2049.751325442572
270006.14581520704,433731.42298011185,-163725.2771649048
624995.6695659152,443828.1515947125,181167.51797120273
399992.0696425668,436363.8018711202,-36371.73222855339
525024.3912403609,274412.12902765063,250612.26221271028
600009.0395491241,448398.0636904771,151610.97585864697
357003.1913223102,535466.0696309202,-178462.87830861
325006.350135677,533634.6061163199,-208628.25598064286
749978.6361699108,569251.1106041399,180727.52556577092
225009.9719539956,342587.45976334176,-117577.48780934614
780039.6260472154,727387.8352203411,52651.79082687432
259990.4035777104,569151.3618362994,-309160.95825858903
659937.2277435865,849540.6561093209,-189603.4283657344
234990.41381084712,554174.3847693224,-319183.97095847526
660003.2247661569,554583.8966256661,105419.3281404908
256991.93960992235,304501.50073405163,-47509.56112412928
340987.1253564626,493964.4013750158,-152977.27601855318
470005.652401455,493719.2808878978,-23713.628486442845
365017.28952338774,480616.3475926625,-115599.05806927476
425491.39350042894,365775.15231804654,59716.24118238239
749978.6361699108,1133742.559397572,-383763.9232276612
754793.8918234288,526388.8335134628,228405.058309966
249995.9508216961,448798.8031541088,-198802.8523324127
699975.0706260412,558293.1111594943,141681.9594665469
529982.8889462198,427968.6210468692,102014.26789935061
565010.729379228,609228.6091581836,-44217.8797789556
249995.9508216961,343851.9969780797,-93856.04615638361
1319944.17235804,753299.1406191963,566645.0317388437
426983.2225556181,360894.2525885877,66088.9699670304
449998.7122159163,448465.186819287,1533.5253966292948
626998.8591023963,499935.227251748,127063.63185064832
242995.9365095631,339692.63765016716,-96696.70114060407
232001.70505582576,338546.71349204885,-106545.00843622308
585019.2314809182,612334.7752770564,-27315.54379613814
705033.0781109203,522405.46569394047,182627.6124169798
623310.4573183884,799501.3153942587,-176190.85807587032
749978.6361699108,467605.9434455034,282372.69272440736
184997.94576021977,267038.5791921789,-82040.63343195914
788036.7462108192,581820.3286783098,206216.41753250943
230960.0428807727,336419.2943308992,-105459.2514501265
863025.9162225472,942414.873127809,-79388.95690526185
229946.05110989933,323528.19299850566,-93582.14188860633
215001.4389762084,361630.32650211285,-146628.88752590446
563769.0720984042,514284.2116788248,49484.860419579374
239953.39596766123,366437.92744196666,-126484.53147430543
624995.6695659152,375116.31750740344,249879.3520585118
749978.6361699108,422705.23698064935,327273.3991892614
679967.308322311,508248.88438338204,171718.423938929
383003.727311791,649365.0391855893,-266361.3118737983
1269965.1282666018,1050633.6604033515,219331.4678632503
259990.4035777104,377502.417077997,-117512.01350028659
345000.10487535974,236890.4170039496,108109.68787141013
536005.6601615103,595628.0540851078,-59622.39392359741
289989.50162086176,338931.0942621966,-48941.592641334864
337999.60303101054,329872.9438266582,8126.659204352356
435521.74276061635,361797.080587109,73724.66217350733
229005.20235826168,291752.13636010594,-62746.93400184426
657499.9717051085,669720.9099996127,-12220.938294504187
389999.2129395211,467371.9576566874,-77372.7447171663
850007.1158332613,962879.2854668247,-112872.16963356338
379496.25214564346,355369.5468951078,24126.705250535684
780976.2354517222,665444.2098678648,115532.02558385732
386002.83770990116,423052.4261622712,-37049.58845237002
434999.4301195662,321323.8776599717,113675.5524595945
510272.41032918496,377884.5106415399,132387.89968764508
299988.67412229633,363775.2458606835,-63786.57173838717
990039.3808935746,749384.0482439771,240655.33264959743
267961.8771676093,311699.96898523584,-43738.091817626555
429939.5945452194,460896.6138457855,-30957.019300566113
262498.3302391841,319705.12319252273,-57206.79295333865
215001.4389762084,248534.54188054695,-33533.102904338564
624995.6695659152,760404.1539257038,-135408.4843597886
550289.6197626696,422315.6859605592,127973.93380211038
777003.396002639,616842.7802197826,160160.61578285636
424981.1100595267,431552.6615769633,-6571.55151743663
875018.2305176305,764325.0721576402,110693.15835999022
1190995.416638931,571649.0104674016,619346.4061715294
1019986.5511230009,937350.6275708739,82635.92355212697
625996.4630585121,371292.1124048974,254704.35065361467
279009.19018718053,330218.54278082604,-51209.35259364551
680988.0246306414,616360.4507842945,64627.57384634693
1199961.4629089332,1426751.9879399561,-226790.52503102296
261947.6621495463,361245.08102908346,-99297.41887953717
409994.9001727164,395245.9847218205,14748.915450895904
330017.18241123157,403199.00974387606,-73181.82733264449
385000.53389145073,417360.8576782158,-32360.323786765046
749978.6361699108,872315.25499234,-122336.61882242921
389960.21496815764,447857.3629381343,-57897.14796997665
875018.2305176305,355873.92070905026,519144.3098085802
439986.7976045207,336016.704803306,103970.09280121466
379989.9180867694,367794.87832467724,12195.039762092172
925047.1609447353,1508722.108688159,-583674.9477434236
544977.615322981,528909.6383469182,16067.97697606287
299000.3431407227,259341.18321076018,39659.15992996254
352744.75474701036,402095.30293092073,-49350.548183910374
330017.18241123157,476106.15507953754,-146088.97266830597
169312.2631611929,462446.7362129496,-293134.47305175674
